mortar,round,range_tiles,crew,profile,shot_index,total_range_tiles,total_deflection_tiles,player_offset_x_tiles,creep_offset_x_tiles,creep_offset_y_tiles,creep_distance_tiles,heading_degrees,danger_close,offset_multiplier
M224 60mm,M720A1 60mm HE,500,0,plain spotter,1,300,200,-100.0,427,0,427.0,90,True,2.0
M224 60mm,M720A1 60mm HE,500,0,SOFLAM rangefinder,1,70,100,-100.0,77,0,77.0,90,True,1.5
M224 60mm,M720A1 60mm HE,500,0,scout/bomber drone spotter,1,150,150,-100.0,255,0,255.0,90,True,2.0
M224 60mm,M720A1 60mm HE,500,0,full gucci: player sensors/RF/EPLRS + drone,1,10,5,-100.0,9,0,9.0,90,False,1.0
M224 60mm,M720A1 60mm HE,500,0,plain spotter,1,200,200,-100.0,347,0,347.0,90,True,2.0
M224 60mm,M720A1 60mm HE,500,0,SOFLAM rangefinder,1,50,70,-100.0,40,0,40.0,90,False,1.0
M224 60mm,M720A1 60mm HE,500,0,scout/bomber drone spotter,1,150,100,-100.0,206,0,206.0,90,True,2.0
M224 60mm,M720A1 60mm HE,500,0,full gucci: player sensors/RF/EPLRS + drone,1,10,5,-100.0,9,0,9.0,90,False,1.0
M224 60mm,M720A1 60mm HE,500,1,plain spotter,1,300,200,-100.0,423,0,423.0,90,True,2.0
M224 60mm,M720A1 60mm HE,500,1,SOFLAM rangefinder,1,50,100,-100.0,49,0,49.0,90,False,1.0
M224 60mm,M720A1 60mm HE,500,1,scout/bomber drone spotter,1,150,150,-100.0,250,0,250.0,90,True,2.0
M224 60mm,M720A1 60mm HE,500,1,full gucci: player sensors/RF/EPLRS + drone,1,10,5,-100.0,9,0,9.0,90,False,1.0
M224 60mm,M720A1 60mm HE,500,1,plain spotter,1,200,200,-100.0,343,0,343.0,90,True,2.0
M224 60mm,M720A1 60mm HE,500,1,SOFLAM rangefinder,1,40,70,-100.0,38,0,38.0,90,False,1.0
M224 60mm,M720A1 60mm HE,500,1,scout/bomber drone spotter,1,150,100,-100.0,201,0,201.0,90,True,2.0
M224 60mm,M720A1 60mm HE,500,1,full gucci: player sensors/RF/EPLRS + drone,1,10,5,-100.0,9,0,9.0,90,False,1.0
M224 60mm,M720A1 60mm HE,500,1,plain spotter,1,300,200,-100.0,421,0,421.0,90,True,2.0
M224 60mm,M720A1 60mm HE,500,1,SOFLAM rangefinder,1,50,100,-100.0,48,0,48.0,90,False,1.0
M224 60mm,M720A1 60mm HE,500,1,scout/bomber drone spotter,1,150,150,-100.0,249,0,249.0,90,True,2.0
M224 60mm,M720A1 60mm HE,500,1,full gucci: player sensors/RF/EPLRS + drone,1,10,5,-100.0,9,0,9.0,90,False,1.0
M224 60mm,M720A1 60mm HE,500,1,plain spotter,1,200,200,-100.0,341,0,341.0,90,True,2.0
M224 60mm,M720A1 60mm HE,500,1,SOFLAM rangefinder,1,40,70,-100.0,38,0,38.0,90,False,1.0
M224 60mm,M720A1 60mm HE,500,1,scout/bomber drone spotter,1,100,100,-100.0,150,0,150.0,90,True,1.5
M224 60mm,M720A1 60mm HE,500,1,full gucci: player sensors/RF/EPLRS + drone,1,10,5,-100.0,9,0,9.0,90,False,1.0
M224 60mm,M720A1 60mm HE,500,1,plain spotter,1,300,200,-100.0,421,0,421.0,90,True,2.0
M224 60mm,M720A1 60mm HE,500,1,SOFLAM rangefinder,1,50,100,-100.0,48,0,48.0,90,False,1.0
M224 60mm,M720A1 60mm HE,500,1,scout/bomber drone spotter,1,150,150,-100.0,249,0,249.0,90,True,2.0
M224 60mm,M720A1 60mm HE,500,1,full gucci: player sensors/RF/EPLRS + drone,1,10,5,-100.0,9,0,9.0,90,False,1.0
M224 60mm,M720A1 60mm HE,500,1,plain spotter,1,200,200,-100.0,341,0,341.0,90,True,2.0
M224 60mm,M720A1 60mm HE,500,1,SOFLAM rangefinder,1,40,70,-100.0,38,0,38.0,90,False,1.0
M224 60mm,M720A1 60mm HE,500,1,scout/bomber drone spotter,1,100,100,-100.0,150,0,150.0,90,True,1.5
M224 60mm,M720A1 60mm HE,500,1,full gucci: player sensors/RF/EPLRS + drone,1,10,5,-100.0,9,0,9.0,90,False,1.0
M224 60mm,M720A1 60mm HE,500,0,plain spotter,1,300,200,-100.0,409,0,409.0,90,True,2.0
M224 60mm,M720A1 60mm HE,500,0,SOFLAM rangefinder,1,50,100,-100.0,46,0,46.0,90,False,1.0
M224 60mm,M720A1 60mm HE,500,0,scout/bomber drone spotter,1,150,150,-100.0,242,0,242.0,90,True,2.0
M224 60mm,M720A1 60mm HE,500,0,full gucci: player sensors/RF/EPLRS + drone,1,10,5,-100.0,9,0,9.0,90,False,1.0
M224 60mm,M720A1 60mm HE,500,0,plain spotter,1,200,200,-100.0,331,0,331.0,90,True,2.0
M224 60mm,M720A1 60mm HE,500,0,SOFLAM rangefinder,1,40,70,-100.0,38,0,38.0,90,False,1.0
M224 60mm,M720A1 60mm HE,500,0,scout/bomber drone spotter,1,100,100,-100.0,150,0,150.0,90,True,1.5
M224 60mm,M720A1 60mm HE,500,0,full gucci: player sensors/RF/EPLRS + drone,1,10,5,-100.0,9,0,9.0,90,False,1.0
M224 60mm,M720A1 60mm HE,500,1,plain spotter,1,300,200,-100.0,408,0,408.0,90,True,2.0
M224 60mm,M720A1 60mm HE,500,1,SOFLAM rangefinder,1,50,100,-100.0,46,0,46.0,90,False,1.0
M224 60mm,M720A1 60mm HE,500,1,scout/bomber drone spotter,1,150,150,-100.0,242,0,242.0,90,True,2.0
M224 60mm,M720A1 60mm HE,500,1,full gucci: player sensors/RF/EPLRS + drone,1,10,5,-100.0,9,0,9.0,90,False,1.0
M224 60mm,M720A1 60mm HE,500,1,plain spotter,1,200,200,-100.0,331,0,331.0,90,True,2.0
M224 60mm,M720A1 60mm HE,500,1,SOFLAM rangefinder,1,40,70,-100.0,38,0,38.0,90,False,1.0
M224 60mm,M720A1 60mm HE,500,1,scout/bomber drone spotter,1,100,100,-100.0,150,0,150.0,90,True,1.5
M224 60mm,M720A1 60mm HE,500,1,full gucci: player sensors/RF/EPLRS + drone,1,10,5,-100.0,9,0,9.0,90,False,1.0
M224 60mm,M720A1 60mm HE,500,1,plain spotter,1,300,200,-100.0,407,0,407.0,90,True,2.0
M224 60mm,M720A1 60mm HE,500,1,SOFLAM rangefinder,1,50,100,-100.0,46,0,46.0,90,False,1.0
M224 60mm,M720A1 60mm HE,500,1,scout/bomber drone spotter,1,150,150,-100.0,242,0,242.0,90,True,2.0
M224 60mm,M720A1 60mm HE,500,1,full gucci: player sensors/RF/EPLRS + drone,1,10,5,-100.0,9,0,9.0,90,False,1.0
M224 60mm,M720A1 60mm HE,500,1,plain spotter,1,200,200,-100.0,331,0,331.0,90,True,2.0
M224 60mm,M720A1 60mm HE,500,1,SOFLAM rangefinder,1,40,70,-100.0,38,0,38.0,90,False,1.0
M224 60mm,M720A1 60mm HE,500,1,scout/bomber drone spotter,1,100,100,-100.0,150,0,150.0,90,True,1.5
M224 60mm,M720A1 60mm HE,500,1,full gucci: player sensors/RF/EPLRS + drone,1,10,5,-100.0,9,0,9.0,90,False,1.0
M224 60mm,M720A1 60mm HE,500,1,plain spotter,1,300,200,-100.0,407,0,407.0,90,True,2.0
M224 60mm,M720A1 60mm HE,500,1,SOFLAM rangefinder,1,50,100,-100.0,46,0,46.0,90,False,1.0
M224 60mm,M720A1 60mm HE,500,1,scout/bomber drone spotter,1,150,150,-100.0,242,0,242.0,90,True,2.0
M224 60mm,M720A1 60mm HE,500,1,full gucci: player sensors/RF/EPLRS + drone,1,10,5,-100.0,9,0,9.0,90,False,1.0
M224 60mm,M720A1 60mm HE,500,1,plain spotter,1,200,200,-100.0,331,0,331.0,90,True,2.0
M224 60mm,M720A1 60mm HE,500,1,SOFLAM rangefinder,1,40,70,-100.0,38,0,38.0,90,False,1.0
M224 60mm,M720A1 60mm HE,500,1,scout/bomber drone spotter,1,100,100,-100.0,150,0,150.0,90,True,1.5
M224 60mm,M720A1 60mm HE,500,1,full gucci: player sensors/RF/EPLRS + drone,1,10,5,-100.0,9,0,9.0,90,False,1.0
M224 60mm,M720A1 60mm HE,500,0,plain spotter,1,300,200,-100.0,407,0,407.0,90,True,2.0
M224 60mm,M720A1 60mm HE,500,0,SOFLAM rangefinder,1,50,100,-100.0,46,0,46.0,90,False,1.0
M224 60mm,M720A1 60mm HE,500,0,scout/bomber drone spotter,1,150,150,-100.0,242,0,242.0,90,True,2.0
M224 60mm,M720A1 60mm HE,500,0,full gucci: player sensors/RF/EPLRS + drone,1,10,5,-100.0,9,0,9.0,90,False,1.0
M224 60mm,M720A1 60mm HE,500,0,plain spotter,1,200,200,-100.0,331,0,331.0,90,True,2.0
M224 60mm,M720A1 60mm HE,500,0,SOFLAM rangefinder,1,40,70,-100.0,38,0,38.0,90,False,1.0
M224 60mm,M720A1 60mm HE,500,0,scout/bomber drone spotter,1,100,100,-100.0,150,0,150.0,90,True,1.5
M224 60mm,M720A1 60mm HE,500,0,full gucci: player sensors/RF/EPLRS + drone,1,10,5,-100.0,9,0,9.0,90,False,1.0
M224 60mm,M720A1 60mm HE,500,1,plain spotter,1,300,200,-100.0,407,0,407.0,90,True,2.0
M224 60mm,M720A1 60mm HE,500,1,SOFLAM rangefinder,1,50,100,-100.0,46,0,46.0,90,False,1.0
M224 60mm,M720A1 60mm HE,500,1,scout/bomber drone spotter,1,150,150,-100.0,242,0,242.0,90,True,2.0
M224 60mm,M720A1 60mm HE,500,1,full gucci: player sensors/RF/EPLRS + drone,1,10,5,-100.0,9,0,9.0,90,False,1.0
M224 60mm,M720A1 60mm HE,500,1,plain spotter,1,200,200,-100.0,331,0,331.0,90,True,2.0
M224 60mm,M720A1 60mm HE,500,1,SOFLAM rangefinder,1,40,70,-100.0,38,0,38.0,90,False,1.0
M224 60mm,M720A1 60mm HE,500,1,scout/bomber drone spotter,1,100,100,-100.0,150,0,150.0,90,True,1.5
M224 60mm,M720A1 60mm HE,500,1,full gucci: player sensors/RF/EPLRS + drone,1,10,5,-100.0,9,0,9.0,90,False,1.0
M224 60mm,M720A1 60mm HE,500,1,plain spotter,1,300,200,-100.0,407,0,407.0,90,True,2.0
M224 60mm,M720A1 60mm HE,500,1,SOFLAM rangefinder,1,50,100,-100.0,46,0,46.0,90,False,1.0
M224 60mm,M720A1 60mm HE,500,1,scout/bomber drone spotter,1,150,150,-100.0,242,0,242.0,90,True,2.0
M224 60mm,M720A1 60mm HE,500,1,full gucci: player sensors/RF/EPLRS + drone,1,10,5,-100.0,9,0,9.0,90,False,1.0
M224 60mm,M720A1 60mm HE,500,1,plain spotter,1,200,200,-100.0,331,0,331.0,90,True,2.0
M224 60mm,M720A1 60mm HE,500,1,SOFLAM rangefinder,1,40,70,-100.0,38,0,38.0,90,False,1.0
M224 60mm,M720A1 60mm HE,500,1,scout/bomber drone spotter,1,100,100,-100.0,150,0,150.0,90,True,1.5
M224 60mm,M720A1 60mm HE,500,1,full gucci: player sensors/RF/EPLRS + drone,1,10,5,-100.0,9,0,9.0,90,False,1.0
M224 60mm,M720A1 60mm HE,500,1,plain spotter,1,300,200,-100.0,407,0,407.0,90,True,2.0
M224 60mm,M720A1 60mm HE,500,1,SOFLAM rangefinder,1,50,100,-100.0,46,0,46.0,90,False,1.0
M224 60mm,M720A1 60mm HE,500,1,scout/bomber drone spotter,1,150,150,-100.0,242,0,242.0,90,True,2.0
M224 60mm,M720A1 60mm HE,500,1,full gucci: player sensors/RF/EPLRS + drone,1,10,5,-100.0,9,0,9.0,90,False,1.0
M224 60mm,M720A1 60mm HE,500,1,plain spotter,1,200,200,-100.0,331,0,331.0,90,True,2.0
M224 60mm,M720A1 60mm HE,500,1,SOFLAM rangefinder,1,40,70,-100.0,38,0,38.0,90,False,1.0
M224 60mm,M720A1 60mm HE,500,1,scout/bomber drone spotter,1,100,100,-100.0,150,0,150.0,90,True,1.5
M224 60mm,M720A1 60mm HE,500,1,full gucci: player sensors/RF/EPLRS + drone,1,10,5,-100.0,9,0,9.0,90,False,1.0
M224 60mm,M720A1 60mm HE,1000,0,plain spotter,1,300,300,-100.0,480,0,480.0,90,True,2.0
M224 60mm,M720A1 60mm HE,1000,0,SOFLAM rangefinder,1,70,100,-100.0,99,0,99.0,90,True,1.5
M224 60mm,M720A1 60mm HE,1000,0,scout/bomber drone spotter,1,150,150,-100.0,282,0,282.0,90,True,2.0
M224 60mm,M720A1 60mm HE,1000,0,full gucci: player sensors/RF/EPLRS + drone,1,20,10,-100.0,17,0,17.0,90,False,1.0
M224 60mm,M720A1 60mm HE,1000,0,plain spotter,1,200,200,-100.0,394,0,394.0,90,True,2.0
M224 60mm,M720A1 60mm HE,1000,0,SOFLAM rangefinder,1,70,70,-100.0,77,0,77.0,90,True,1.5
M224 60mm,M720A1 60mm HE,1000,0,scout/bomber drone spotter,1,150,100,-100.0,226,0,226.0,90,True,2.0
M224 60mm,M720A1 60mm HE,1000,0,full gucci: player sensors/RF/EPLRS + drone,1,20,10,-100.0,17,0,17.0,90,False,1.0
M224 60mm,M720A1 60mm HE,1000,1,plain spotter,1,300,300,-100.0,472,0,472.0,90,True,2.0
M224 60mm,M720A1 60mm HE,1000,1,SOFLAM rangefinder,1,70,100,-100.0,92,0,92.0,90,True,1.5
M224 60mm,M720A1 60mm HE,1000,1,scout/bomber drone spotter,1,150,150,-100.0,273,0,273.0,90,True,2.0
M224 60mm,M720A1 60mm HE,1000,1,full gucci: player sensors/RF/EPLRS + drone,1,20,10,-100.0,17,0,17.0,90,False,1.0
M224 60mm,M720A1 60mm HE,1000,1,plain spotter,1,200,200,-100.0,385,0,385.0,90,True,2.0
M224 60mm,M720A1 60mm HE,1000,1,SOFLAM rangefinder,1,50,70,-100.0,47,0,47.0,90,False,1.0
M224 60mm,M720A1 60mm HE,1000,1,scout/bomber drone spotter,1,150,100,-100.0,217,0,217.0,90,True,2.0
M224 60mm,M720A1 60mm HE,1000,1,full gucci: player sensors/RF/EPLRS + drone,1,20,10,-100.0,17,0,17.0,90,False,1.0
M224 60mm,M720A1 60mm HE,1000,1,plain spotter,1,300,300,-100.0,469,0,469.0,90,True,2.0
M224 60mm,M720A1 60mm HE,1000,1,SOFLAM rangefinder,1,70,100,-100.0,91,0,91.0,90,True,1.5
M224 60mm,M720A1 60mm HE,1000,1,scout/bomber drone spotter,1,150,150,-100.0,271,0,271.0,90,True,2.0
M224 60mm,M720A1 60mm HE,1000,1,full gucci: player sensors/RF/EPLRS + drone,1,20,10,-100.0,17,0,17.0,90,False,1.0
M224 60mm,M720A1 60mm HE,1000,1,plain spotter,1,200,200,-100.0,383,0,383.0,90,True,2.0
M224 60mm,M720A1 60mm HE,1000,1,SOFLAM rangefinder,1,50,70,-100.0,47,0,47.0,90,False,1.0
M224 60mm,M720A1 60mm HE,1000,1,scout/bomber drone spotter,1,150,100,-100.0,215,0,215.0,90,True,2.0
M224 60mm,M720A1 60mm HE,1000,1,full gucci: player sensors/RF/EPLRS + drone,1,20,10,-100.0,17,0,17.0,90,False,1.0
M224 60mm,M720A1 60mm HE,1000,1,plain spotter,1,300,300,-100.0,469,0,469.0,90,True,2.0
M224 60mm,M720A1 60mm HE,1000,1,SOFLAM rangefinder,1,70,100,-100.0,91,0,91.0,90,True,1.5
M224 60mm,M720A1 60mm HE,1000,1,scout/bomber drone spotter,1,150,150,-100.0,271,0,271.0,90,True,2.0
M224 60mm,M720A1 60mm HE,1000,1,full gucci: player sensors/RF/EPLRS + drone,1,20,10,-100.0,17,0,17.0,90,False,1.0
M224 60mm,M720A1 60mm HE,1000,1,plain spotter,1,200,200,-100.0,383,0,383.0,90,True,2.0
M224 60mm,M720A1 60mm HE,1000,1,SOFLAM rangefinder,1,50,70,-100.0,47,0,47.0,90,False,1.0
M224 60mm,M720A1 60mm HE,1000,1,scout/bomber drone spotter,1,150,100,-100.0,215,0,215.0,90,True,2.0
M224 60mm,M720A1 60mm HE,1000,1,full gucci: player sensors/RF/EPLRS + drone,1,20,10,-100.0,17,0,17.0,90,False,1.0
M224 60mm,M720A1 60mm HE,1000,0,plain spotter,1,300,300,-100.0,444,0,444.0,90,True,2.0
M224 60mm,M720A1 60mm HE,1000,0,SOFLAM rangefinder,1,70,100,-100.0,82,0,82.0,90,True,1.5
M224 60mm,M720A1 60mm HE,1000,0,scout/bomber drone spotter,1,150,150,-100.0,257,0,257.0,90,True,2.0
M224 60mm,M720A1 60mm HE,1000,0,full gucci: player sensors/RF/EPLRS + drone,1,20,10,-100.0,17,0,17.0,90,False,1.0
M224 60mm,M720A1 60mm HE,1000,0,plain spotter,1,200,200,-100.0,360,0,360.0,90,True,2.0
M224 60mm,M720A1 60mm HE,1000,0,SOFLAM rangefinder,1,50,70,-100.0,47,0,47.0,90,False,1.0
M224 60mm,M720A1 60mm HE,1000,0,scout/bomber drone spotter,1,150,100,-100.0,215,0,215.0,90,True,2.0
M224 60mm,M720A1 60mm HE,1000,0,full gucci: player sensors/RF/EPLRS + drone,1,20,10,-100.0,17,0,17.0,90,False,1.0
M224 60mm,M720A1 60mm HE,1000,1,plain spotter,1,300,300,-100.0,442,0,442.0,90,True,2.0
M224 60mm,M720A1 60mm HE,1000,1,SOFLAM rangefinder,1,70,100,-100.0,82,0,82.0,90,True,1.5
M224 60mm,M720A1 60mm HE,1000,1,scout/bomber drone spotter,1,150,150,-100.0,257,0,257.0,90,True,2.0
M224 60mm,M720A1 60mm HE,1000,1,full gucci: player sensors/RF/EPLRS + drone,1,20,10,-100.0,17,0,17.0,90,False,1.0
M224 60mm,M720A1 60mm HE,1000,1,plain spotter,1,200,200,-100.0,360,0,360.0,90,True,2.0
M224 60mm,M720A1 60mm HE,1000,1,SOFLAM rangefinder,1,50,70,-100.0,47,0,47.0,90,False,1.0
M224 60mm,M720A1 60mm HE,1000,1,scout/bomber drone spotter,1,150,100,-100.0,215,0,215.0,90,True,2.0
M224 60mm,M720A1 60mm HE,1000,1,full gucci: player sensors/RF/EPLRS + drone,1,20,10,-100.0,17,0,17.0,90,False,1.0
M224 60mm,M720A1 60mm HE,1000,1,plain spotter,1,300,300,-100.0,439,0,439.0,90,True,2.0
M224 60mm,M720A1 60mm HE,1000,1,SOFLAM rangefinder,1,70,100,-100.0,82,0,82.0,90,True,1.5
M224 60mm,M720A1 60mm HE,1000,1,scout/bomber drone spotter,1,150,150,-100.0,257,0,257.0,90,True,2.0
M224 60mm,M720A1 60mm HE,1000,1,full gucci: player sensors/RF/EPLRS + drone,1,20,10,-100.0,17,0,17.0,90,False,1.0
M224 60mm,M720A1 60mm HE,1000,1,plain spotter,1,200,200,-100.0,360,0,360.0,90,True,2.0
M224 60mm,M720A1 60mm HE,1000,1,SOFLAM rangefinder,1,50,70,-100.0,47,0,47.0,90,False,1.0
M224 60mm,M720A1 60mm HE,1000,1,scout/bomber drone spotter,1,150,100,-100.0,215,0,215.0,90,True,2.0
M224 60mm,M720A1 60mm HE,1000,1,full gucci: player sensors/RF/EPLRS + drone,1,20,10,-100.0,17,0,17.0,90,False,1.0
M224 60mm,M720A1 60mm HE,1000,1,plain spotter,1,300,300,-100.0,439,0,439.0,90,True,2.0
M224 60mm,M720A1 60mm HE,1000,1,SOFLAM rangefinder,1,70,100,-100.0,82,0,82.0,90,True,1.5
M224 60mm,M720A1 60mm HE,1000,1,scout/bomber drone spotter,1,150,150,-100.0,257,0,257.0,90,True,2.0
M224 60mm,M720A1 60mm HE,1000,1,full gucci: player sensors/RF/EPLRS + drone,1,20,10,-100.0,17,0,17.0,90,False,1.0
M224 60mm,M720A1 60mm HE,1000,1,plain spotter,1,200,200,-100.0,360,0,360.0,90,True,2.0
M224 60mm,M720A1 60mm HE,1000,1,SOFLAM rangefinder,1,50,70,-100.0,47,0,47.0,90,False,1.0
M224 60mm,M720A1 60mm HE,1000,1,scout/bomber drone spotter,1,150,100,-100.0,215,0,215.0,90,True,2.0
M224 60mm,M720A1 60mm HE,1000,1,full gucci: player sensors/RF/EPLRS + drone,1,20,10,-100.0,17,0,17.0,90,False,1.0
M224 60mm,M720A1 60mm HE,1000,0,plain spotter,1,300,300,-100.0,439,0,439.0,90,True,2.0
M224 60mm,M720A1 60mm HE,1000,0,SOFLAM rangefinder,1,70,100,-100.0,82,0,82.0,90,True,1.5
M224 60mm,M720A1 60mm HE,1000,0,scout/bomber drone spotter,1,150,150,-100.0,257,0,257.0,90,True,2.0
M224 60mm,M720A1 60mm HE,1000,0,full gucci: player sensors/RF/EPLRS + drone,1,20,10,-100.0,17,0,17.0,90,False,1.0
M224 60mm,M720A1 60mm HE,1000,0,plain spotter,1,200,200,-100.0,360,0,360.0,90,True,2.0
M224 60mm,M720A1 60mm HE,1000,0,SOFLAM rangefinder,1,50,70,-100.0,47,0,47.0,90,False,1.0
M224 60mm,M720A1 60mm HE,1000,0,scout/bomber drone spotter,1,150,100,-100.0,215,0,215.0,90,True,2.0
M224 60mm,M720A1 60mm HE,1000,0,full gucci: player sensors/RF/EPLRS + drone,1,20,10,-100.0,17,0,17.0,90,False,1.0
M224 60mm,M720A1 60mm HE,1000,1,plain spotter,1,300,300,-100.0,439,0,439.0,90,True,2.0
M224 60mm,M720A1 60mm HE,1000,1,SOFLAM rangefinder,1,70,100,-100.0,82,0,82.0,90,True,1.5
M224 60mm,M720A1 60mm HE,1000,1,scout/bomber drone spotter,1,150,150,-100.0,257,0,257.0,90,True,2.0
M224 60mm,M720A1 60mm HE,1000,1,full gucci: player sensors/RF/EPLRS + drone,1,20,10,-100.0,17,0,17.0,90,False,1.0
M224 60mm,M720A1 60mm HE,1000,1,plain spotter,1,200,200,-100.0,360,0,360.0,90,True,2.0
M224 60mm,M720A1 60mm HE,1000,1,SOFLAM rangefinder,1,50,70,-100.0,47,0,47.0,90,False,1.0
M224 60mm,M720A1 60mm HE,1000,1,scout/bomber drone spotter,1,150,100,-100.0,215,0,215.0,90,True,2.0
M224 60mm,M720A1 60mm HE,1000,1,full gucci: player sensors/RF/EPLRS + drone,1,20,10,-100.0,17,0,17.0,90,False,1.0
M224 60mm,M720A1 60mm HE,1000,1,plain spotter,1,300,300,-100.0,439,0,439.0,90,True,2.0
M224 60mm,M720A1 60mm HE,1000,1,SOFLAM rangefinder,1,70,100,-100.0,82,0,82.0,90,True,1.5
M224 60mm,M720A1 60mm HE,1000,1,scout/bomber drone spotter,1,150,150,-100.0,257,0,257.0,90,True,2.0
M224 60mm,M720A1 60mm HE,1000,1,full gucci: player sensors/RF/EPLRS + drone,1,20,10,-100.0,17,0,17.0,90,False,1.0
M224 60mm,M720A1 60mm HE,1000,1,plain spotter,1,200,200,-100.0,360,0,360.0,90,True,2.0
M224 60mm,M720A1 60mm HE,1000,1,SOFLAM rangefinder,1,50,70,-100.0,47,0,47.0,90,False,1.0
M224 60mm,M720A1 60mm HE,1000,1,scout/bomber drone spotter,1,150,100,-100.0,215,0,215.0,90,True,2.0
M224 60mm,M720A1 60mm HE,1000,1,full gucci: player sensors/RF/EPLRS + drone,1,20,10,-100.0,17,0,17.0,90,False,1.0
M224 60mm,M720A1 60mm HE,1000,1,plain spotter,1,300,300,-100.0,439,0,439.0,90,True,2.0
M224 60mm,M720A1 60mm HE,1000,1,SOFLAM rangefinder,1,70,100,-100.0,82,0,82.0,90,True,1.5
M224 60mm,M720A1 60mm HE,1000,1,scout/bomber drone spotter,1,150,150,-100.0,257,0,257.0,90,True,2.0
M224 60mm,M720A1 60mm HE,1000,1,full gucci: player sensors/RF/EPLRS + drone,1,20,10,-100.0,17,0,17.0,90,False,1.0
M224 60mm,M720A1 60mm HE,1000,1,plain spotter,1,200,200,-100.0,360,0,360.0,90,True,2.0
M224 60mm,M720A1 60mm HE,1000,1,SOFLAM rangefinder,1,50,70,-100.0,47,0,47.0,90,False,1.0
M224 60mm,M720A1 60mm HE,1000,1,scout/bomber drone spotter,1,150,100,-100.0,215,0,215.0,90,True,2.0
M224 60mm,M720A1 60mm HE,1000,1,full gucci: player sensors/RF/EPLRS + drone,1,20,10,-100.0,17,0,17.0,90,False,1.0
M224 60mm,M720A1 60mm HE,3000,0,plain spotter,1,600,300,-100.0,705,0,705.0,90,True,2.0
M224 60mm,M720A1 60mm HE,3000,0,SOFLAM rangefinder,1,300,200,-100.0,481,0,481.0,90,True,2.0
M224 60mm,M720A1 60mm HE,3000,0,scout/bomber drone spotter,1,200,150,-100.0,391,0,391.0,90,True,2.0
M224 60mm,M720A1 60mm HE,3000,0,full gucci: player sensors/RF/EPLRS + drone,1,150,40,-100.0,243,0,243.0,90,True,2.0
M224 60mm,M720A1 60mm HE,3000,0,plain spotter,1,300,300,-100.0,597,0,597.0,90,True,2.0
M224 60mm,M720A1 60mm HE,3000,0,SOFLAM rangefinder,1,200,150,-100.0,398,0,398.0,90,True,2.0
M224 60mm,M720A1 60mm HE,3000,0,scout/bomber drone spotter,1,200,150,-100.0,310,0,310.0,90,True,2.0
M224 60mm,M720A1 60mm HE,3000,0,full gucci: player sensors/RF/EPLRS + drone,1,150,40,-100.0,203,0,203.0,90,True,2.0
M224 60mm,M720A1 60mm HE,3000,1,plain spotter,1,600,300,-100.0,683,0,683.0,90,True,2.0
M224 60mm,M720A1 60mm HE,3000,1,SOFLAM rangefinder,1,300,200,-100.0,456,0,456.0,90,True,2.0
M224 60mm,M720A1 60mm HE,3000,1,scout/bomber drone spotter,1,200,150,-100.0,364,0,364.0,90,True,2.0
M224 60mm,M720A1 60mm HE,3000,1,full gucci: player sensors/RF/EPLRS + drone,1,150,40,-100.0,218,0,218.0,90,True,2.0
M224 60mm,M720A1 60mm HE,3000,1,plain spotter,1,300,300,-100.0,573,0,573.0,90,True,2.0
M224 60mm,M720A1 60mm HE,3000,1,SOFLAM rangefinder,1,200,150,-100.0,371,0,371.0,90,True,2.0
M224 60mm,M720A1 60mm HE,3000,1,scout/bomber drone spotter,1,150,100,-100.0,281,0,281.0,90,True,2.0
M224 60mm,M720A1 60mm HE,3000,1,full gucci: player sensors/RF/EPLRS + drone,1,100,30,-100.0,132,0,132.0,90,True,1.5
M224 60mm,M720A1 60mm HE,3000,1,plain spotter,1,600,300,-100.0,673,0,673.0,90,True,2.0
M224 60mm,M720A1 60mm HE,3000,1,SOFLAM rangefinder,1,300,200,-100.0,448,0,448.0,90,True,2.0
M224 60mm,M720A1 60mm HE,3000,1,scout/bomber drone spotter,1,200,150,-100.0,357,0,357.0,90,True,2.0
M224 60mm,M720A1 60mm HE,3000,1,full gucci: player sensors/RF/EPLRS + drone,1,150,40,-100.0,210,0,210.0,90,True,2.0
M224 60mm,M720A1 60mm HE,3000,1,plain spotter,1,300,300,-100.0,564,0,564.0,90,True,2.0
M224 60mm,M720A1 60mm HE,3000,1,SOFLAM rangefinder,1,200,150,-100.0,365,0,365.0,90,True,2.0
M224 60mm,M720A1 60mm HE,3000,1,scout/bomber drone spotter,1,150,100,-100.0,276,0,276.0,90,True,2.0
M224 60mm,M720A1 60mm HE,3000,1,full gucci: player sensors/RF/EPLRS + drone,1,100,30,-100.0,127,0,127.0,90,True,1.5
M224 60mm,M720A1 60mm HE,3000,1,plain spotter,1,600,300,-100.0,673,0,673.0,90,True,2.0
M224 60mm,M720A1 60mm HE,3000,1,SOFLAM rangefinder,1,300,200,-100.0,448,0,448.0,90,True,2.0
M224 60mm,M720A1 60mm HE,3000,1,scout/bomber drone spotter,1,200,150,-100.0,357,0,357.0,90,True,2.0
M224 60mm,M720A1 60mm HE,3000,1,full gucci: player sensors/RF/EPLRS + drone,1,150,40,-100.0,210,0,210.0,90,True,2.0
M224 60mm,M720A1 60mm HE,3000,1,plain spotter,1,300,300,-100.0,564,0,564.0,90,True,2.0
M224 60mm,M720A1 60mm HE,3000,1,SOFLAM rangefinder,1,200,150,-100.0,365,0,365.0,90,True,2.0
M224 60mm,M720A1 60mm HE,3000,1,scout/bomber drone spotter,1,150,100,-100.0,276,0,276.0,90,True,2.0
M224 60mm,M720A1 60mm HE,3000,1,full gucci: player sensors/RF/EPLRS + drone,1,100,30,-100.0,127,0,127.0,90,True,1.5
M224 60mm,M720A1 60mm HE,3000,0,plain spotter,1,300,300,-100.0,594,0,594.0,90,True,2.0
M224 60mm,M720A1 60mm HE,3000,0,SOFLAM rangefinder,1,200,200,-100.0,379,0,379.0,90,True,2.0
M224 60mm,M720A1 60mm HE,3000,0,scout/bomber drone spotter,1,200,150,-100.0,317,0,317.0,90,True,2.0
M224 60mm,M720A1 60mm HE,3000,0,full gucci: player sensors/RF/EPLRS + drone,1,100,40,-100.0,106,0,106.0,90,True,1.5
M224 60mm,M720A1 60mm HE,3000,0,plain spotter,1,300,300,-100.0,489,0,489.0,90,True,2.0
M224 60mm,M720A1 60mm HE,3000,0,SOFLAM rangefinder,1,200,150,-100.0,325,0,325.0,90,True,2.0
M224 60mm,M720A1 60mm HE,3000,0,scout/bomber drone spotter,1,150,100,-100.0,275,0,275.0,90,True,2.0
M224 60mm,M720A1 60mm HE,3000,0,full gucci: player sensors/RF/EPLRS + drone,1,70,30,-100.0,98,0,98.0,90,True,1.5
M224 60mm,M720A1 60mm HE,3000,1,plain spotter,1,300,300,-100.0,586,0,586.0,90,True,2.0
M224 60mm,M720A1 60mm HE,3000,1,SOFLAM rangefinder,1,200,200,-100.0,379,0,379.0,90,True,2.0
M224 60mm,M720A1 60mm HE,3000,1,scout/bomber drone spotter,1,200,150,-100.0,317,0,317.0,90,True,2.0
M224 60mm,M720A1 60mm HE,3000,1,full gucci: player sensors/RF/EPLRS + drone,1,100,40,-100.0,106,0,106.0,90,True,1.5
M224 60mm,M720A1 60mm HE,3000,1,plain spotter,1,300,200,-100.0,482,0,482.0,90,True,2.0
M224 60mm,M720A1 60mm HE,3000,1,SOFLAM rangefinder,1,200,150,-100.0,325,0,325.0,90,True,2.0
M224 60mm,M720A1 60mm HE,3000,1,scout/bomber drone spotter,1,150,100,-100.0,275,0,275.0,90,True,2.0
M224 60mm,M720A1 60mm HE,3000,1,full gucci: player sensors/RF/EPLRS + drone,1,70,30,-100.0,98,0,98.0,90,True,1.5
M224 60mm,M720A1 60mm HE,3000,1,plain spotter,1,300,300,-100.0,568,0,568.0,90,True,2.0
M224 60mm,M720A1 60mm HE,3000,1,SOFLAM rangefinder,1,200,200,-100.0,379,0,379.0,90,True,2.0
M224 60mm,M720A1 60mm HE,3000,1,scout/bomber drone spotter,1,200,150,-100.0,317,0,317.0,90,True,2.0
M224 60mm,M720A1 60mm HE,3000,1,full gucci: player sensors/RF/EPLRS + drone,1,100,40,-100.0,106,0,106.0,90,True,1.5
M224 60mm,M720A1 60mm HE,3000,1,plain spotter,1,300,200,-100.0,477,0,477.0,90,True,2.0
M224 60mm,M720A1 60mm HE,3000,1,SOFLAM rangefinder,1,200,150,-100.0,325,0,325.0,90,True,2.0
M224 60mm,M720A1 60mm HE,3000,1,scout/bomber drone spotter,1,150,100,-100.0,275,0,275.0,90,True,2.0
M224 60mm,M720A1 60mm HE,3000,1,full gucci: player sensors/RF/EPLRS + drone,1,70,30,-100.0,98,0,98.0,90,True,1.5
M224 60mm,M720A1 60mm HE,3000,1,plain spotter,1,300,300,-100.0,568,0,568.0,90,True,2.0
M224 60mm,M720A1 60mm HE,3000,1,SOFLAM rangefinder,1,200,200,-100.0,379,0,379.0,90,True,2.0
M224 60mm,M720A1 60mm HE,3000,1,scout/bomber drone spotter,1,200,150,-100.0,317,0,317.0,90,True,2.0
M224 60mm,M720A1 60mm HE,3000,1,full gucci: player sensors/RF/EPLRS + drone,1,100,40,-100.0,106,0,106.0,90,True,1.5
M224 60mm,M720A1 60mm HE,3000,1,plain spotter,1,300,200,-100.0,477,0,477.0,90,True,2.0
M224 60mm,M720A1 60mm HE,3000,1,SOFLAM rangefinder,1,200,150,-100.0,325,0,325.0,90,True,2.0
M224 60mm,M720A1 60mm HE,3000,1,scout/bomber drone spotter,1,150,100,-100.0,275,0,275.0,90,True,2.0
M224 60mm,M720A1 60mm HE,3000,1,full gucci: player sensors/RF/EPLRS + drone,1,70,30,-100.0,98,0,98.0,90,True,1.5
M224 60mm,M720A1 60mm HE,3000,0,plain spotter,1,300,300,-100.0,568,0,568.0,90,True,2.0
M224 60mm,M720A1 60mm HE,3000,0,SOFLAM rangefinder,1,200,200,-100.0,379,0,379.0,90,True,2.0
M224 60mm,M720A1 60mm HE,3000,0,scout/bomber drone spotter,1,200,150,-100.0,317,0,317.0,90,True,2.0
M224 60mm,M720A1 60mm HE,3000,0,full gucci: player sensors/RF/EPLRS + drone,1,100,40,-100.0,106,0,106.0,90,True,1.5
M224 60mm,M720A1 60mm HE,3000,0,plain spotter,1,300,200,-100.0,477,0,477.0,90,True,2.0
M224 60mm,M720A1 60mm HE,3000,0,SOFLAM rangefinder,1,200,150,-100.0,325,0,325.0,90,True,2.0
M224 60mm,M720A1 60mm HE,3000,0,scout/bomber drone spotter,1,150,100,-100.0,275,0,275.0,90,True,2.0
M224 60mm,M720A1 60mm HE,3000,0,full gucci: player sensors/RF/EPLRS + drone,1,70,30,-100.0,98,0,98.0,90,True,1.5
M224 60mm,M720A1 60mm HE,3000,1,plain spotter,1,300,300,-100.0,568,0,568.0,90,True,2.0
M224 60mm,M720A1 60mm HE,3000,1,SOFLAM rangefinder,1,200,200,-100.0,379,0,379.0,90,True,2.0
M224 60mm,M720A1 60mm HE,3000,1,scout/bomber drone spotter,1,200,150,-100.0,317,0,317.0,90,True,2.0
M224 60mm,M720A1 60mm HE,3000,1,full gucci: player sensors/RF/EPLRS + drone,1,100,40,-100.0,106,0,106.0,90,True,1.5
M224 60mm,M720A1 60mm HE,3000,1,plain spotter,1,300,200,-100.0,477,0,477.0,90,True,2.0
M224 60mm,M720A1 60mm HE,3000,1,SOFLAM rangefinder,1,200,150,-100.0,325,0,325.0,90,True,2.0
M224 60mm,M720A1 60mm HE,3000,1,scout/bomber drone spotter,1,150,100,-100.0,275,0,275.0,90,True,2.0
M224 60mm,M720A1 60mm HE,3000,1,full gucci: player sensors/RF/EPLRS + drone,1,70,30,-100.0,98,0,98.0,90,True,1.5
M224 60mm,M720A1 60mm HE,3000,1,plain spotter,1,300,300,-100.0,568,0,568.0,90,True,2.0
M224 60mm,M720A1 60mm HE,3000,1,SOFLAM rangefinder,1,200,200,-100.0,379,0,379.0,90,True,2.0
M224 60mm,M720A1 60mm HE,3000,1,scout/bomber drone spotter,1,200,150,-100.0,317,0,317.0,90,True,2.0
M224 60mm,M720A1 60mm HE,3000,1,full gucci: player sensors/RF/EPLRS + drone,1,100,40,-100.0,106,0,106.0,90,True,1.5
M224 60mm,M720A1 60mm HE,3000,1,plain spotter,1,300,200,-100.0,477,0,477.0,90,True,2.0
M224 60mm,M720A1 60mm HE,3000,1,SOFLAM rangefinder,1,200,150,-100.0,325,0,325.0,90,True,2.0
M224 60mm,M720A1 60mm HE,3000,1,scout/bomber drone spotter,1,150,100,-100.0,275,0,275.0,90,True,2.0
M224 60mm,M720A1 60mm HE,3000,1,full gucci: player sensors/RF/EPLRS + drone,1,70,30,-100.0,98,0,98.0,90,True,1.5
M224 60mm,M720A1 60mm HE,3000,1,plain spotter,1,300,300,-100.0,568,0,568.0,90,True,2.0
M224 60mm,M720A1 60mm HE,3000,1,SOFLAM rangefinder,1,200,200,-100.0,379,0,379.0,90,True,2.0
M224 60mm,M720A1 60mm HE,3000,1,scout/bomber drone spotter,1,200,150,-100.0,317,0,317.0,90,True,2.0
M224 60mm,M720A1 60mm HE,3000,1,full gucci: player sensors/RF/EPLRS + drone,1,100,40,-100.0,106,0,106.0,90,True,1.5
M224 60mm,M720A1 60mm HE,3000,1,plain spotter,1,300,200,-100.0,477,0,477.0,90,True,2.0
M224 60mm,M720A1 60mm HE,3000,1,SOFLAM rangefinder,1,200,150,-100.0,325,0,325.0,90,True,2.0
M224 60mm,M720A1 60mm HE,3000,1,scout/bomber drone spotter,1,150,100,-100.0,275,0,275.0,90,True,2.0
M224 60mm,M720A1 60mm HE,3000,1,full gucci: player sensors/RF/EPLRS + drone,1,70,30,-100.0,98,0,98.0,90,True,1.5
M252 81mm,M821A2 81mm HE,500,0,plain spotter,1,300,300,-100.0,427,0,427.0,90,True,2.0
M252 81mm,M821A2 81mm HE,500,0,SOFLAM rangefinder,1,70,100,-100.0,77,0,77.0,90,True,1.5
M252 81mm,M821A2 81mm HE,500,0,scout/bomber drone spotter,1,150,150,-100.0,255,0,255.0,90,True,2.0
M252 81mm,M821A2 81mm HE,500,0,full gucci: player sensors/RF/EPLRS + drone,1,10,10,-100.0,9,0,9.0,90,False,1.0
M252 81mm,M821A2 81mm HE,500,0,plain spotter,1,200,200,-100.0,347,0,347.0,90,True,2.0
M252 81mm,M821A2 81mm HE,500,0,SOFLAM rangefinder,1,50,70,-100.0,40,0,40.0,90,False,1.0
M252 81mm,M821A2 81mm HE,500,0,scout/bomber drone spotter,1,150,100,-100.0,206,0,206.0,90,True,2.0
M252 81mm,M821A2 81mm HE,500,0,full gucci: player sensors/RF/EPLRS + drone,1,10,10,-100.0,9,0,9.0,90,False,1.0
M252 81mm,M821A2 81mm HE,500,1,plain spotter,1,300,300,-100.0,423,0,423.0,90,True,2.0
M252 81mm,M821A2 81mm HE,500,1,SOFLAM rangefinder,1,50,100,-100.0,49,0,49.0,90,False,1.0
M252 81mm,M821A2 81mm HE,500,1,scout/bomber drone spotter,1,150,150,-100.0,250,0,250.0,90,True,2.0
M252 81mm,M821A2 81mm HE,500,1,full gucci: player sensors/RF/EPLRS + drone,1,10,10,-100.0,9,0,9.0,90,False,1.0
M252 81mm,M821A2 81mm HE,500,1,plain spotter,1,200,200,-100.0,343,0,343.0,90,True,2.0
M252 81mm,M821A2 81mm HE,500,1,SOFLAM rangefinder,1,40,70,-100.0,38,0,38.0,90,False,1.0
M252 81mm,M821A2 81mm HE,500,1,scout/bomber drone spotter,1,150,100,-100.0,201,0,201.0,90,True,2.0
M252 81mm,M821A2 81mm HE,500,1,full gucci: player sensors/RF/EPLRS + drone,1,10,10,-100.0,9,0,9.0,90,False,1.0
M252 81mm,M821A2 81mm HE,500,1,plain spotter,1,300,300,-100.0,421,0,421.0,90,True,2.0
M252 81mm,M821A2 81mm HE,500,1,SOFLAM rangefinder,1,50,100,-100.0,48,0,48.0,90,False,1.0
M252 81mm,M821A2 81mm HE,500,1,scout/bomber drone spotter,1,150,150,-100.0,249,0,249.0,90,True,2.0
M252 81mm,M821A2 81mm HE,500,1,full gucci: player sensors/RF/EPLRS + drone,1,10,10,-100.0,9,0,9.0,90,False,1.0
M252 81mm,M821A2 81mm HE,500,1,plain spotter,1,200,200,-100.0,341,0,341.0,90,True,2.0
M252 81mm,M821A2 81mm HE,500,1,SOFLAM rangefinder,1,40,70,-100.0,38,0,38.0,90,False,1.0
M252 81mm,M821A2 81mm HE,500,1,scout/bomber drone spotter,1,100,100,-100.0,150,0,150.0,90,True,1.5
M252 81mm,M821A2 81mm HE,500,1,full gucci: player sensors/RF/EPLRS + drone,1,10,10,-100.0,9,0,9.0,90,False,1.0
M252 81mm,M821A2 81mm HE,500,1,plain spotter,1,300,300,-100.0,421,0,421.0,90,True,2.0
M252 81mm,M821A2 81mm HE,500,1,SOFLAM rangefinder,1,50,100,-100.0,48,0,48.0,90,False,1.0
M252 81mm,M821A2 81mm HE,500,1,scout/bomber drone spotter,1,150,150,-100.0,249,0,249.0,90,True,2.0
M252 81mm,M821A2 81mm HE,500,1,full gucci: player sensors/RF/EPLRS + drone,1,10,10,-100.0,9,0,9.0,90,False,1.0
M252 81mm,M821A2 81mm HE,500,1,plain spotter,1,200,200,-100.0,341,0,341.0,90,True,2.0
M252 81mm,M821A2 81mm HE,500,1,SOFLAM rangefinder,1,40,70,-100.0,38,0,38.0,90,False,1.0
M252 81mm,M821A2 81mm HE,500,1,scout/bomber drone spotter,1,100,100,-100.0,150,0,150.0,90,True,1.5
M252 81mm,M821A2 81mm HE,500,1,full gucci: player sensors/RF/EPLRS + drone,1,10,10,-100.0,9,0,9.0,90,False,1.0
M252 81mm,M821A2 81mm HE,500,2,plain spotter,1,300,300,-100.0,421,0,421.0,90,True,2.0
M252 81mm,M821A2 81mm HE,500,2,SOFLAM rangefinder,1,50,100,-100.0,48,0,48.0,90,False,1.0
M252 81mm,M821A2 81mm HE,500,2,scout/bomber drone spotter,1,150,150,-100.0,248,0,248.0,90,True,2.0
M252 81mm,M821A2 81mm HE,500,2,full gucci: player sensors/RF/EPLRS + drone,1,10,10,-100.0,9,0,9.0,90,False,1.0
M252 81mm,M821A2 81mm HE,500,2,plain spotter,1,200,200,-100.0,341,0,341.0,90,True,2.0
M252 81mm,M821A2 81mm HE,500,2,SOFLAM rangefinder,1,40,70,-100.0,38,0,38.0,90,False,1.0
M252 81mm,M821A2 81mm HE,500,2,scout/bomber drone spotter,1,100,100,-100.0,150,0,150.0,90,True,1.5
M252 81mm,M821A2 81mm HE,500,2,full gucci: player sensors/RF/EPLRS + drone,1,10,10,-100.0,9,0,9.0,90,False,1.0
M252 81mm,M821A2 81mm HE,500,2,plain spotter,1,300,300,-100.0,417,0,417.0,90,True,2.0
M252 81mm,M821A2 81mm HE,500,2,SOFLAM rangefinder,1,50,100,-100.0,46,0,46.0,90,False,1.0
M252 81mm,M821A2 81mm HE,500,2,scout/bomber drone spotter,1,150,150,-100.0,245,0,245.0,90,True,2.0
M252 81mm,M821A2 81mm HE,500,2,full gucci: player sensors/RF/EPLRS + drone,1,10,10,-100.0,9,0,9.0,90,False,1.0
M252 81mm,M821A2 81mm HE,500,2,plain spotter,1,200,200,-100.0,338,0,338.0,90,True,2.0
M252 81mm,M821A2 81mm HE,500,2,SOFLAM rangefinder,1,40,70,-100.0,38,0,38.0,90,False,1.0
M252 81mm,M821A2 81mm HE,500,2,scout/bomber drone spotter,1,100,100,-100.0,150,0,150.0,90,True,1.5
M252 81mm,M821A2 81mm HE,500,2,full gucci: player sensors/RF/EPLRS + drone,1,10,10,-100.0,9,0,9.0,90,False,1.0
M252 81mm,M821A2 81mm HE,500,2,plain spotter,1,300,300,-100.0,417,0,417.0,90,True,2.0
M252 81mm,M821A2 81mm HE,500,2,SOFLAM rangefinder,1,50,100,-100.0,46,0,46.0,90,False,1.0
M252 81mm,M821A2 81mm HE,500,2,scout/bomber drone spotter,1,150,150,-100.0,245,0,245.0,90,True,2.0
M252 81mm,M821A2 81mm HE,500,2,full gucci: player sensors/RF/EPLRS + drone,1,10,10,-100.0,9,0,9.0,90,False,1.0
M252 81mm,M821A2 81mm HE,500,2,plain spotter,1,200,200,-100.0,338,0,338.0,90,True,2.0
M252 81mm,M821A2 81mm HE,500,2,SOFLAM rangefinder,1,40,70,-100.0,38,0,38.0,90,False,1.0
M252 81mm,M821A2 81mm HE,500,2,scout/bomber drone spotter,1,100,100,-100.0,150,0,150.0,90,True,1.5
M252 81mm,M821A2 81mm HE,500,2,full gucci: player sensors/RF/EPLRS + drone,1,10,10,-100.0,9,0,9.0,90,False,1.0
M252 81mm,M821A2 81mm HE,500,0,plain spotter,1,300,300,-100.0,409,0,409.0,90,True,2.0
M252 81mm,M821A2 81mm HE,500,0,SOFLAM rangefinder,1,50,100,-100.0,46,0,46.0,90,False,1.0
M252 81mm,M821A2 81mm HE,500,0,scout/bomber drone spotter,1,150,150,-100.0,242,0,242.0,90,True,2.0
M252 81mm,M821A2 81mm HE,500,0,full gucci: player sensors/RF/EPLRS + drone,1,10,10,-100.0,9,0,9.0,90,False,1.0
M252 81mm,M821A2 81mm HE,500,0,plain spotter,1,200,200,-100.0,331,0,331.0,90,True,2.0
M252 81mm,M821A2 81mm HE,500,0,SOFLAM rangefinder,1,40,70,-100.0,38,0,38.0,90,False,1.0
M252 81mm,M821A2 81mm HE,500,0,scout/bomber drone spotter,1,100,100,-100.0,150,0,150.0,90,True,1.5
M252 81mm,M821A2 81mm HE,500,0,full gucci: player sensors/RF/EPLRS + drone,1,10,10,-100.0,9,0,9.0,90,False,1.0
M252 81mm,M821A2 81mm HE,500,1,plain spotter,1,300,300,-100.0,408,0,408.0,90,True,2.0
M252 81mm,M821A2 81mm HE,500,1,SOFLAM rangefinder,1,50,100,-100.0,46,0,46.0,90,False,1.0
M252 81mm,M821A2 81mm HE,500,1,scout/bomber drone spotter,1,150,150,-100.0,242,0,242.0,90,True,2.0
M252 81mm,M821A2 81mm HE,500,1,full gucci: player sensors/RF/EPLRS + drone,1,10,10,-100.0,9,0,9.0,90,False,1.0
M252 81mm,M821A2 81mm HE,500,1,plain spotter,1,200,200,-100.0,331,0,331.0,90,True,2.0
M252 81mm,M821A2 81mm HE,500,1,SOFLAM rangefinder,1,40,70,-100.0,38,0,38.0,90,False,1.0
M252 81mm,M821A2 81mm HE,500,1,scout/bomber drone spotter,1,100,100,-100.0,150,0,150.0,90,True,1.5
M252 81mm,M821A2 81mm HE,500,1,full gucci: player sensors/RF/EPLRS + drone,1,10,10,-100.0,9,0,9.0,90,False,1.0
M252 81mm,M821A2 81mm HE,500,1,plain spotter,1,300,300,-100.0,407,0,407.0,90,True,2.0
M252 81mm,M821A2 81mm HE,500,1,SOFLAM rangefinder,1,50,100,-100.0,46,0,46.0,90,False,1.0
M252 81mm,M821A2 81mm HE,500,1,scout/bomber drone spotter,1,150,150,-100.0,242,0,242.0,90,True,2.0
M252 81mm,M821A2 81mm HE,500,1,full gucci: player sensors/RF/EPLRS + drone,1,10,10,-100.0,9,0,9.0,90,False,1.0
M252 81mm,M821A2 81mm HE,500,1,plain spotter,1,200,200,-100.0,331,0,331.0,90,True,2.0
M252 81mm,M821A2 81mm HE,500,1,SOFLAM rangefinder,1,40,70,-100.0,38,0,38.0,90,False,1.0
M252 81mm,M821A2 81mm HE,500,1,scout/bomber drone spotter,1,100,100,-100.0,150,0,150.0,90,True,1.5
M252 81mm,M821A2 81mm HE,500,1,full gucci: player sensors/RF/EPLRS + drone,1,10,10,-100.0,9,0,9.0,90,False,1.0
M252 81mm,M821A2 81mm HE,500,1,plain spotter,1,300,300,-100.0,407,0,407.0,90,True,2.0
M252 81mm,M821A2 81mm HE,500,1,SOFLAM rangefinder,1,50,100,-100.0,46,0,46.0,90,False,1.0
M252 81mm,M821A2 81mm HE,500,1,scout/bomber drone spotter,1,150,150,-100.0,242,0,242.0,90,True,2.0
M252 81mm,M821A2 81mm HE,500,1,full gucci: player sensors/RF/EPLRS + drone,1,10,10,-100.0,9,0,9.0,90,False,1.0
M252 81mm,M821A2 81mm HE,500,1,plain spotter,1,200,200,-100.0,331,0,331.0,90,True,2.0
M252 81mm,M821A2 81mm HE,500,1,SOFLAM rangefinder,1,40,70,-100.0,38,0,38.0,90,False,1.0
M252 81mm,M821A2 81mm HE,500,1,scout/bomber drone spotter,1,100,100,-100.0,150,0,150.0,90,True,1.5
M252 81mm,M821A2 81mm HE,500,1,full gucci: player sensors/RF/EPLRS + drone,1,10,10,-100.0,9,0,9.0,90,False,1.0
M252 81mm,M821A2 81mm HE,500,2,plain spotter,1,300,300,-100.0,407,0,407.0,90,True,2.0
M252 81mm,M821A2 81mm HE,500,2,SOFLAM rangefinder,1,50,100,-100.0,46,0,46.0,90,False,1.0
M252 81mm,M821A2 81mm HE,500,2,scout/bomber drone spotter,1,150,150,-100.0,242,0,242.0,90,True,2.0
M252 81mm,M821A2 81mm HE,500,2,full gucci: player sensors/RF/EPLRS + drone,1,10,10,-100.0,9,0,9.0,90,False,1.0
M252 81mm,M821A2 81mm HE,500,2,plain spotter,1,200,200,-100.0,331,0,331.0,90,True,2.0
M252 81mm,M821A2 81mm HE,500,2,SOFLAM rangefinder,1,40,70,-100.0,38,0,38.0,90,False,1.0
M252 81mm,M821A2 81mm HE,500,2,scout/bomber drone spotter,1,100,100,-100.0,150,0,150.0,90,True,1.5
M252 81mm,M821A2 81mm HE,500,2,full gucci: player sensors/RF/EPLRS + drone,1,10,10,-100.0,9,0,9.0,90,False,1.0
M252 81mm,M821A2 81mm HE,500,2,plain spotter,1,300,300,-100.0,407,0,407.0,90,True,2.0
M252 81mm,M821A2 81mm HE,500,2,SOFLAM rangefinder,1,50,100,-100.0,46,0,46.0,90,False,1.0
M252 81mm,M821A2 81mm HE,500,2,scout/bomber drone spotter,1,150,150,-100.0,242,0,242.0,90,True,2.0
M252 81mm,M821A2 81mm HE,500,2,full gucci: player sensors/RF/EPLRS + drone,1,10,10,-100.0,9,0,9.0,90,False,1.0
M252 81mm,M821A2 81mm HE,500,2,plain spotter,1,200,200,-100.0,331,0,331.0,90,True,2.0
M252 81mm,M821A2 81mm HE,500,2,SOFLAM rangefinder,1,40,70,-100.0,38,0,38.0,90,False,1.0
M252 81mm,M821A2 81mm HE,500,2,scout/bomber drone spotter,1,100,100,-100.0,150,0,150.0,90,True,1.5
M252 81mm,M821A2 81mm HE,500,2,full gucci: player sensors/RF/EPLRS + drone,1,10,10,-100.0,9,0,9.0,90,False,1.0
M252 81mm,M821A2 81mm HE,500,2,plain spotter,1,300,300,-100.0,407,0,407.0,90,True,2.0
M252 81mm,M821A2 81mm HE,500,2,SOFLAM rangefinder,1,50,100,-100.0,46,0,46.0,90,False,1.0
M252 81mm,M821A2 81mm HE,500,2,scout/bomber drone spotter,1,150,150,-100.0,242,0,242.0,90,True,2.0
M252 81mm,M821A2 81mm HE,500,2,full gucci: player sensors/RF/EPLRS + drone,1,10,10,-100.0,9,0,9.0,90,False,1.0
M252 81mm,M821A2 81mm HE,500,2,plain spotter,1,200,200,-100.0,331,0,331.0,90,True,2.0
M252 81mm,M821A2 81mm HE,500,2,SOFLAM rangefinder,1,40,70,-100.0,38,0,38.0,90,False,1.0
M252 81mm,M821A2 81mm HE,500,2,scout/bomber drone spotter,1,100,100,-100.0,150,0,150.0,90,True,1.5
M252 81mm,M821A2 81mm HE,500,2,full gucci: player sensors/RF/EPLRS + drone,1,10,10,-100.0,9,0,9.0,90,False,1.0
M252 81mm,M821A2 81mm HE,500,0,plain spotter,1,300,300,-100.0,407,0,407.0,90,True,2.0
M252 81mm,M821A2 81mm HE,500,0,SOFLAM rangefinder,1,50,100,-100.0,46,0,46.0,90,False,1.0
M252 81mm,M821A2 81mm HE,500,0,scout/bomber drone spotter,1,150,150,-100.0,242,0,242.0,90,True,2.0
M252 81mm,M821A2 81mm HE,500,0,full gucci: player sensors/RF/EPLRS + drone,1,10,10,-100.0,9,0,9.0,90,False,1.0
M252 81mm,M821A2 81mm HE,500,0,plain spotter,1,200,200,-100.0,331,0,331.0,90,True,2.0
M252 81mm,M821A2 81mm HE,500,0,SOFLAM rangefinder,1,40,70,-100.0,38,0,38.0,90,False,1.0
M252 81mm,M821A2 81mm HE,500,0,scout/bomber drone spotter,1,100,100,-100.0,150,0,150.0,90,True,1.5
M252 81mm,M821A2 81mm HE,500,0,full gucci: player sensors/RF/EPLRS + drone,1,10,10,-100.0,9,0,9.0,90,False,1.0
M252 81mm,M821A2 81mm HE,500,1,plain spotter,1,300,300,-100.0,407,0,407.0,90,True,2.0
M252 81mm,M821A2 81mm HE,500,1,SOFLAM rangefinder,1,50,100,-100.0,46,0,46.0,90,False,1.0
M252 81mm,M821A2 81mm HE,500,1,scout/bomber drone spotter,1,150,150,-100.0,242,0,242.0,90,True,2.0
M252 81mm,M821A2 81mm HE,500,1,full gucci: player sensors/RF/EPLRS + drone,1,10,10,-100.0,9,0,9.0,90,False,1.0
M252 81mm,M821A2 81mm HE,500,1,plain spotter,1,200,200,-100.0,331,0,331.0,90,True,2.0
M252 81mm,M821A2 81mm HE,500,1,SOFLAM rangefinder,1,40,70,-100.0,38,0,38.0,90,False,1.0
M252 81mm,M821A2 81mm HE,500,1,scout/bomber drone spotter,1,100,100,-100.0,150,0,150.0,90,True,1.5
M252 81mm,M821A2 81mm HE,500,1,full gucci: player sensors/RF/EPLRS + drone,1,10,10,-100.0,9,0,9.0,90,False,1.0
M252 81mm,M821A2 81mm HE,500,1,plain spotter,1,300,300,-100.0,407,0,407.0,90,True,2.0
M252 81mm,M821A2 81mm HE,500,1,SOFLAM rangefinder,1,50,100,-100.0,46,0,46.0,90,False,1.0
M252 81mm,M821A2 81mm HE,500,1,scout/bomber drone spotter,1,150,150,-100.0,242,0,242.0,90,True,2.0
M252 81mm,M821A2 81mm HE,500,1,full gucci: player sensors/RF/EPLRS + drone,1,10,10,-100.0,9,0,9.0,90,False,1.0
M252 81mm,M821A2 81mm HE,500,1,plain spotter,1,200,200,-100.0,331,0,331.0,90,True,2.0
M252 81mm,M821A2 81mm HE,500,1,SOFLAM rangefinder,1,40,70,-100.0,38,0,38.0,90,False,1.0
M252 81mm,M821A2 81mm HE,500,1,scout/bomber drone spotter,1,100,100,-100.0,150,0,150.0,90,True,1.5
M252 81mm,M821A2 81mm HE,500,1,full gucci: player sensors/RF/EPLRS + drone,1,10,10,-100.0,9,0,9.0,90,False,1.0
M252 81mm,M821A2 81mm HE,500,1,plain spotter,1,300,300,-100.0,407,0,407.0,90,True,2.0
M252 81mm,M821A2 81mm HE,500,1,SOFLAM rangefinder,1,50,100,-100.0,46,0,46.0,90,False,1.0
M252 81mm,M821A2 81mm HE,500,1,scout/bomber drone spotter,1,150,150,-100.0,242,0,242.0,90,True,2.0
M252 81mm,M821A2 81mm HE,500,1,full gucci: player sensors/RF/EPLRS + drone,1,10,10,-100.0,9,0,9.0,90,False,1.0
M252 81mm,M821A2 81mm HE,500,1,plain spotter,1,200,200,-100.0,331,0,331.0,90,True,2.0
M252 81mm,M821A2 81mm HE,500,1,SOFLAM rangefinder,1,40,70,-100.0,38,0,38.0,90,False,1.0
M252 81mm,M821A2 81mm HE,500,1,scout/bomber drone spotter,1,100,100,-100.0,150,0,150.0,90,True,1.5
M252 81mm,M821A2 81mm HE,500,1,full gucci: player sensors/RF/EPLRS + drone,1,10,10,-100.0,9,0,9.0,90,False,1.0
M252 81mm,M821A2 81mm HE,500,2,plain spotter,1,300,300,-100.0,407,0,407.0,90,True,2.0
M252 81mm,M821A2 81mm HE,500,2,SOFLAM rangefinder,1,50,100,-100.0,46,0,46.0,90,False,1.0
M252 81mm,M821A2 81mm HE,500,2,scout/bomber drone spotter,1,150,150,-100.0,242,0,242.0,90,True,2.0
M252 81mm,M821A2 81mm HE,500,2,full gucci: player sensors/RF/EPLRS + drone,1,10,10,-100.0,9,0,9.0,90,False,1.0
M252 81mm,M821A2 81mm HE,500,2,plain spotter,1,200,200,-100.0,331,0,331.0,90,True,2.0
M252 81mm,M821A2 81mm HE,500,2,SOFLAM rangefinder,1,40,70,-100.0,38,0,38.0,90,False,1.0
M252 81mm,M821A2 81mm HE,500,2,scout/bomber drone spotter,1,100,100,-100.0,150,0,150.0,90,True,1.5
M252 81mm,M821A2 81mm HE,500,2,full gucci: player sensors/RF/EPLRS + drone,1,10,10,-100.0,9,0,9.0,90,False,1.0
M252 81mm,M821A2 81mm HE,500,2,plain spotter,1,300,300,-100.0,407,0,407.0,90,True,2.0
M252 81mm,M821A2 81mm HE,500,2,SOFLAM rangefinder,1,50,100,-100.0,46,0,46.0,90,False,1.0
M252 81mm,M821A2 81mm HE,500,2,scout/bomber drone spotter,1,150,150,-100.0,242,0,242.0,90,True,2.0
M252 81mm,M821A2 81mm HE,500,2,full gucci: player sensors/RF/EPLRS + drone,1,10,10,-100.0,9,0,9.0,90,False,1.0
M252 81mm,M821A2 81mm HE,500,2,plain spotter,1,200,200,-100.0,331,0,331.0,90,True,2.0
M252 81mm,M821A2 81mm HE,500,2,SOFLAM rangefinder,1,40,70,-100.0,38,0,38.0,90,False,1.0
M252 81mm,M821A2 81mm HE,500,2,scout/bomber drone spotter,1,100,100,-100.0,150,0,150.0,90,True,1.5
M252 81mm,M821A2 81mm HE,500,2,full gucci: player sensors/RF/EPLRS + drone,1,10,10,-100.0,9,0,9.0,90,False,1.0
M252 81mm,M821A2 81mm HE,500,2,plain spotter,1,300,300,-100.0,407,0,407.0,90,True,2.0
M252 81mm,M821A2 81mm HE,500,2,SOFLAM rangefinder,1,50,100,-100.0,46,0,46.0,90,False,1.0
M252 81mm,M821A2 81mm HE,500,2,scout/bomber drone spotter,1,150,150,-100.0,242,0,242.0,90,True,2.0
M252 81mm,M821A2 81mm HE,500,2,full gucci: player sensors/RF/EPLRS + drone,1,10,10,-100.0,9,0,9.0,90,False,1.0
M252 81mm,M821A2 81mm HE,500,2,plain spotter,1,200,200,-100.0,331,0,331.0,90,True,2.0
M252 81mm,M821A2 81mm HE,500,2,SOFLAM rangefinder,1,40,70,-100.0,38,0,38.0,90,False,1.0
M252 81mm,M821A2 81mm HE,500,2,scout/bomber drone spotter,1,100,100,-100.0,150,0,150.0,90,True,1.5
M252 81mm,M821A2 81mm HE,500,2,full gucci: player sensors/RF/EPLRS + drone,1,10,10,-100.0,9,0,9.0,90,False,1.0
M252 81mm,M821A2 81mm HE,1000,0,plain spotter,1,300,300,-100.0,480,0,480.0,90,True,2.0
M252 81mm,M821A2 81mm HE,1000,0,SOFLAM rangefinder,1,70,100,-100.0,99,0,99.0,90,True,1.5
M252 81mm,M821A2 81mm HE,1000,0,scout/bomber drone spotter,1,150,150,-100.0,282,0,282.0,90,True,2.0
M252 81mm,M821A2 81mm HE,1000,0,full gucci: player sensors/RF/EPLRS + drone,1,20,15,-100.0,17,0,17.0,90,False,1.0
M252 81mm,M821A2 81mm HE,1000,0,plain spotter,1,200,200,-100.0,394,0,394.0,90,True,2.0
M252 81mm,M821A2 81mm HE,1000,0,SOFLAM rangefinder,1,70,100,-100.0,77,0,77.0,90,True,1.5
M252 81mm,M821A2 81mm HE,1000,0,scout/bomber drone spotter,1,150,150,-100.0,226,0,226.0,90,True,2.0
M252 81mm,M821A2 81mm HE,1000,0,full gucci: player sensors/RF/EPLRS + drone,1,20,15,-100.0,17,0,17.0,90,False,1.0
M252 81mm,M821A2 81mm HE,1000,1,plain spotter,1,300,300,-100.0,472,0,472.0,90,True,2.0
M252 81mm,M821A2 81mm HE,1000,1,SOFLAM rangefinder,1,70,100,-100.0,92,0,92.0,90,True,1.5
M252 81mm,M821A2 81mm HE,1000,1,scout/bomber drone spotter,1,150,150,-100.0,273,0,273.0,90,True,2.0
M252 81mm,M821A2 81mm HE,1000,1,full gucci: player sensors/RF/EPLRS + drone,1,20,15,-100.0,17,0,17.0,90,False,1.0
M252 81mm,M821A2 81mm HE,1000,1,plain spotter,1,200,200,-100.0,385,0,385.0,90,True,2.0
M252 81mm,M821A2 81mm HE,1000,1,SOFLAM rangefinder,1,50,100,-100.0,47,0,47.0,90,False,1.0
M252 81mm,M821A2 81mm HE,1000,1,scout/bomber drone spotter,1,150,150,-100.0,217,0,217.0,90,True,2.0
M252 81mm,M821A2 81mm HE,1000,1,full gucci: player sensors/RF/EPLRS + drone,1,20,15,-100.0,17,0,17.0,90,False,1.0
M252 81mm,M821A2 81mm HE,1000,1,plain spotter,1,300,300,-100.0,469,0,469.0,90,True,2.0
M252 81mm,M821A2 81mm HE,1000,1,SOFLAM rangefinder,1,70,100,-100.0,91,0,91.0,90,True,1.5
M252 81mm,M821A2 81mm HE,1000,1,scout/bomber drone spotter,1,150,150,-100.0,271,0,271.0,90,True,2.0
M252 81mm,M821A2 81mm HE,1000,1,full gucci: player sensors/RF/EPLRS + drone,1,20,15,-100.0,17,0,17.0,90,False,1.0
M252 81mm,M821A2 81mm HE,1000,1,plain spotter,1,200,200,-100.0,383,0,383.0,90,True,2.0
M252 81mm,M821A2 81mm HE,1000,1,SOFLAM rangefinder,1,50,100,-100.0,47,0,47.0,90,False,1.0
M252 81mm,M821A2 81mm HE,1000,1,scout/bomber drone spotter,1,150,150,-100.0,215,0,215.0,90,True,2.0
M252 81mm,M821A2 81mm HE,1000,1,full gucci: player sensors/RF/EPLRS + drone,1,20,15,-100.0,17,0,17.0,90,False,1.0
M252 81mm,M821A2 81mm HE,1000,1,plain spotter,1,300,300,-100.0,469,0,469.0,90,True,2.0
M252 81mm,M821A2 81mm HE,1000,1,SOFLAM rangefinder,1,70,100,-100.0,91,0,91.0,90,True,1.5
M252 81mm,M821A2 81mm HE,1000,1,scout/bomber drone spotter,1,150,150,-100.0,271,0,271.0,90,True,2.0
M252 81mm,M821A2 81mm HE,1000,1,full gucci: player sensors/RF/EPLRS + drone,1,20,15,-100.0,17,0,17.0,90,False,1.0
M252 81mm,M821A2 81mm HE,1000,1,plain spotter,1,200,200,-100.0,383,0,383.0,90,True,2.0
M252 81mm,M821A2 81mm HE,1000,1,SOFLAM rangefinder,1,50,100,-100.0,47,0,47.0,90,False,1.0
M252 81mm,M821A2 81mm HE,1000,1,scout/bomber drone spotter,1,150,150,-100.0,215,0,215.0,90,True,2.0
M252 81mm,M821A2 81mm HE,1000,1,full gucci: player sensors/RF/EPLRS + drone,1,20,15,-100.0,17,0,17.0,90,False,1.0
M252 81mm,M821A2 81mm HE,1000,2,plain spotter,1,300,300,-100.0,468,0,468.0,90,True,2.0
M252 81mm,M821A2 81mm HE,1000,2,SOFLAM rangefinder,1,70,100,-100.0,90,0,90.0,90,True,1.5
M252 81mm,M821A2 81mm HE,1000,2,scout/bomber drone spotter,1,150,150,-100.0,270,0,270.0,90,True,2.0
M252 81mm,M821A2 81mm HE,1000,2,full gucci: player sensors/RF/EPLRS + drone,1,20,15,-100.0,17,0,17.0,90,False,1.0
M252 81mm,M821A2 81mm HE,1000,2,plain spotter,1,200,200,-100.0,382,0,382.0,90,True,2.0
M252 81mm,M821A2 81mm HE,1000,2,SOFLAM rangefinder,1,50,100,-100.0,47,0,47.0,90,False,1.0
M252 81mm,M821A2 81mm HE,1000,2,scout/bomber drone spotter,1,150,150,-100.0,215,0,215.0,90,True,2.0
M252 81mm,M821A2 81mm HE,1000,2,full gucci: player sensors/RF/EPLRS + drone,1,20,15,-100.0,17,0,17.0,90,False,1.0
M252 81mm,M821A2 81mm HE,1000,2,plain spotter,1,300,300,-100.0,461,0,461.0,90,True,2.0
M252 81mm,M821A2 81mm HE,1000,2,SOFLAM rangefinder,1,70,100,-100.0,85,0,85.0,90,True,1.5
M252 81mm,M821A2 81mm HE,1000,2,scout/bomber drone spotter,1,150,150,-100.0,263,0,263.0,90,True,2.0
M252 81mm,M821A2 81mm HE,1000,2,full gucci: player sensors/RF/EPLRS + drone,1,20,15,-100.0,17,0,17.0,90,False,1.0
M252 81mm,M821A2 81mm HE,1000,2,plain spotter,1,200,200,-100.0,375,0,375.0,90,True,2.0
M252 81mm,M821A2 81mm HE,1000,2,SOFLAM rangefinder,1,50,100,-100.0,47,0,47.0,90,False,1.0
M252 81mm,M821A2 81mm HE,1000,2,scout/bomber drone spotter,1,150,150,-100.0,215,0,215.0,90,True,2.0
M252 81mm,M821A2 81mm HE,1000,2,full gucci: player sensors/RF/EPLRS + drone,1,20,15,-100.0,17,0,17.0,90,False,1.0
M252 81mm,M821A2 81mm HE,1000,2,plain spotter,1,300,300,-100.0,461,0,461.0,90,True,2.0
M252 81mm,M821A2 81mm HE,1000,2,SOFLAM rangefinder,1,70,100,-100.0,85,0,85.0,90,True,1.5
M252 81mm,M821A2 81mm HE,1000,2,scout/bomber drone spotter,1,150,150,-100.0,263,0,263.0,90,True,2.0
M252 81mm,M821A2 81mm HE,1000,2,full gucci: player sensors/RF/EPLRS + drone,1,20,15,-100.0,17,0,17.0,90,False,1.0
M252 81mm,M821A2 81mm HE,1000,2,plain spotter,1,200,200,-100.0,375,0,375.0,90,True,2.0
M252 81mm,M821A2 81mm HE,1000,2,SOFLAM rangefinder,1,50,100,-100.0,47,0,47.0,90,False,1.0
M252 81mm,M821A2 81mm HE,1000,2,scout/bomber drone spotter,1,150,150,-100.0,215,0,215.0,90,True,2.0
M252 81mm,M821A2 81mm HE,1000,2,full gucci: player sensors/RF/EPLRS + drone,1,20,15,-100.0,17,0,17.0,90,False,1.0
M252 81mm,M821A2 81mm HE,1000,0,plain spotter,1,300,300,-100.0,444,0,444.0,90,True,2.0
M252 81mm,M821A2 81mm HE,1000,0,SOFLAM rangefinder,1,70,100,-100.0,82,0,82.0,90,True,1.5
M252 81mm,M821A2 81mm HE,1000,0,scout/bomber drone spotter,1,150,150,-100.0,257,0,257.0,90,True,2.0
M252 81mm,M821A2 81mm HE,1000,0,full gucci: player sensors/RF/EPLRS + drone,1,20,15,-100.0,17,0,17.0,90,False,1.0
M252 81mm,M821A2 81mm HE,1000,0,plain spotter,1,200,200,-100.0,360,0,360.0,90,True,2.0
M252 81mm,M821A2 81mm HE,1000,0,SOFLAM rangefinder,1,50,100,-100.0,47,0,47.0,90,False,1.0
M252 81mm,M821A2 81mm HE,1000,0,scout/bomber drone spotter,1,150,150,-100.0,215,0,215.0,90,True,2.0
M252 81mm,M821A2 81mm HE,1000,0,full gucci: player sensors/RF/EPLRS + drone,1,20,15,-100.0,17,0,17.0,90,False,1.0
M252 81mm,M821A2 81mm HE,1000,1,plain spotter,1,300,300,-100.0,442,0,442.0,90,True,2.0
M252 81mm,M821A2 81mm HE,1000,1,SOFLAM rangefinder,1,70,100,-100.0,82,0,82.0,90,True,1.5
M252 81mm,M821A2 81mm HE,1000,1,scout/bomber drone spotter,1,150,150,-100.0,257,0,257.0,90,True,2.0
M252 81mm,M821A2 81mm HE,1000,1,full gucci: player sensors/RF/EPLRS + drone,1,20,15,-100.0,17,0,17.0,90,False,1.0
M252 81mm,M821A2 81mm HE,1000,1,plain spotter,1,200,200,-100.0,360,0,360.0,90,True,2.0
M252 81mm,M821A2 81mm HE,1000,1,SOFLAM rangefinder,1,50,100,-100.0,47,0,47.0,90,False,1.0
M252 81mm,M821A2 81mm HE,1000,1,scout/bomber drone spotter,1,150,150,-100.0,215,0,215.0,90,True,2.0
M252 81mm,M821A2 81mm HE,1000,1,full gucci: player sensors/RF/EPLRS + drone,1,20,15,-100.0,17,0,17.0,90,False,1.0
M252 81mm,M821A2 81mm HE,1000,1,plain spotter,1,300,300,-100.0,439,0,439.0,90,True,2.0
M252 81mm,M821A2 81mm HE,1000,1,SOFLAM rangefinder,1,70,100,-100.0,82,0,82.0,90,True,1.5
M252 81mm,M821A2 81mm HE,1000,1,scout/bomber drone spotter,1,150,150,-100.0,257,0,257.0,90,True,2.0
M252 81mm,M821A2 81mm HE,1000,1,full gucci: player sensors/RF/EPLRS + drone,1,20,15,-100.0,17,0,17.0,90,False,1.0
M252 81mm,M821A2 81mm HE,1000,1,plain spotter,1,200,200,-100.0,360,0,360.0,90,True,2.0
M252 81mm,M821A2 81mm HE,1000,1,SOFLAM rangefinder,1,50,100,-100.0,47,0,47.0,90,False,1.0
M252 81mm,M821A2 81mm HE,1000,1,scout/bomber drone spotter,1,150,150,-100.0,215,0,215.0,90,True,2.0
M252 81mm,M821A2 81mm HE,1000,1,full gucci: player sensors/RF/EPLRS + drone,1,20,15,-100.0,17,0,17.0,90,False,1.0
M252 81mm,M821A2 81mm HE,1000,1,plain spotter,1,300,300,-100.0,439,0,439.0,90,True,2.0
M252 81mm,M821A2 81mm HE,1000,1,SOFLAM rangefinder,1,70,100,-100.0,82,0,82.0,90,True,1.5
M252 81mm,M821A2 81mm HE,1000,1,scout/bomber drone spotter,1,150,150,-100.0,257,0,257.0,90,True,2.0
M252 81mm,M821A2 81mm HE,1000,1,full gucci: player sensors/RF/EPLRS + drone,1,20,15,-100.0,17,0,17.0,90,False,1.0
M252 81mm,M821A2 81mm HE,1000,1,plain spotter,1,200,200,-100.0,360,0,360.0,90,True,2.0
M252 81mm,M821A2 81mm HE,1000,1,SOFLAM rangefinder,1,50,100,-100.0,47,0,47.0,90,False,1.0
M252 81mm,M821A2 81mm HE,1000,1,scout/bomber drone spotter,1,150,150,-100.0,215,0,215.0,90,True,2.0
M252 81mm,M821A2 81mm HE,1000,1,full gucci: player sensors/RF/EPLRS + drone,1,20,15,-100.0,17,0,17.0,90,False,1.0
M252 81mm,M821A2 81mm HE,1000,2,plain spotter,1,300,300,-100.0,439,0,439.0,90,True,2.0
M252 81mm,M821A2 81mm HE,1000,2,SOFLAM rangefinder,1,70,100,-100.0,82,0,82.0,90,True,1.5
M252 81mm,M821A2 81mm HE,1000,2,scout/bomber drone spotter,1,150,150,-100.0,257,0,257.0,90,True,2.0
M252 81mm,M821A2 81mm HE,1000,2,full gucci: player sensors/RF/EPLRS + drone,1,20,15,-100.0,17,0,17.0,90,False,1.0
M252 81mm,M821A2 81mm HE,1000,2,plain spotter,1,200,200,-100.0,360,0,360.0,90,True,2.0
M252 81mm,M821A2 81mm HE,1000,2,SOFLAM rangefinder,1,50,100,-100.0,47,0,47.0,90,False,1.0
M252 81mm,M821A2 81mm HE,1000,2,scout/bomber drone spotter,1,150,150,-100.0,215,0,215.0,90,True,2.0
M252 81mm,M821A2 81mm HE,1000,2,full gucci: player sensors/RF/EPLRS + drone,1,20,15,-100.0,17,0,17.0,90,False,1.0
M252 81mm,M821A2 81mm HE,1000,2,plain spotter,1,300,300,-100.0,439,0,439.0,90,True,2.0
M252 81mm,M821A2 81mm HE,1000,2,SOFLAM rangefinder,1,70,100,-100.0,82,0,82.0,90,True,1.5
M252 81mm,M821A2 81mm HE,1000,2,scout/bomber drone spotter,1,150,150,-100.0,257,0,257.0,90,True,2.0
M252 81mm,M821A2 81mm HE,1000,2,full gucci: player sensors/RF/EPLRS + drone,1,20,15,-100.0,17,0,17.0,90,False,1.0
M252 81mm,M821A2 81mm HE,1000,2,plain spotter,1,200,200,-100.0,360,0,360.0,90,True,2.0
M252 81mm,M821A2 81mm HE,1000,2,SOFLAM rangefinder,1,50,100,-100.0,47,0,47.0,90,False,1.0
M252 81mm,M821A2 81mm HE,1000,2,scout/bomber drone spotter,1,150,150,-100.0,215,0,215.0,90,True,2.0
M252 81mm,M821A2 81mm HE,1000,2,full gucci: player sensors/RF/EPLRS + drone,1,20,15,-100.0,17,0,17.0,90,False,1.0
M252 81mm,M821A2 81mm HE,1000,2,plain spotter,1,300,300,-100.0,439,0,439.0,90,True,2.0
M252 81mm,M821A2 81mm HE,1000,2,SOFLAM rangefinder,1,70,100,-100.0,82,0,82.0,90,True,1.5
M252 81mm,M821A2 81mm HE,1000,2,scout/bomber drone spotter,1,150,150,-100.0,257,0,257.0,90,True,2.0
M252 81mm,M821A2 81mm HE,1000,2,full gucci: player sensors/RF/EPLRS + drone,1,20,15,-100.0,17,0,17.0,90,False,1.0
M252 81mm,M821A2 81mm HE,1000,2,plain spotter,1,200,200,-100.0,360,0,360.0,90,True,2.0
M252 81mm,M821A2 81mm HE,1000,2,SOFLAM rangefinder,1,50,100,-100.0,47,0,47.0,90,False,1.0
M252 81mm,M821A2 81mm HE,1000,2,scout/bomber drone spotter,1,150,150,-100.0,215,0,215.0,90,True,2.0
M252 81mm,M821A2 81mm HE,1000,2,full gucci: player sensors/RF/EPLRS + drone,1,20,15,-100.0,17,0,17.0,90,False,1.0
M252 81mm,M821A2 81mm HE,1000,0,plain spotter,1,300,300,-100.0,439,0,439.0,90,True,2.0
M252 81mm,M821A2 81mm HE,1000,0,SOFLAM rangefinder,1,70,100,-100.0,82,0,82.0,90,True,1.5
M252 81mm,M821A2 81mm HE,1000,0,scout/bomber drone spotter,1,150,150,-100.0,257,0,257.0,90,True,2.0
M252 81mm,M821A2 81mm HE,1000,0,full gucci: player sensors/RF/EPLRS + drone,1,20,15,-100.0,17,0,17.0,90,False,1.0
M252 81mm,M821A2 81mm HE,1000,0,plain spotter,1,200,200,-100.0,360,0,360.0,90,True,2.0
M252 81mm,M821A2 81mm HE,1000,0,SOFLAM rangefinder,1,50,100,-100.0,47,0,47.0,90,False,1.0
M252 81mm,M821A2 81mm HE,1000,0,scout/bomber drone spotter,1,150,150,-100.0,215,0,215.0,90,True,2.0
M252 81mm,M821A2 81mm HE,1000,0,full gucci: player sensors/RF/EPLRS + drone,1,20,15,-100.0,17,0,17.0,90,False,1.0
M252 81mm,M821A2 81mm HE,1000,1,plain spotter,1,300,300,-100.0,439,0,439.0,90,True,2.0
M252 81mm,M821A2 81mm HE,1000,1,SOFLAM rangefinder,1,70,100,-100.0,82,0,82.0,90,True,1.5
M252 81mm,M821A2 81mm HE,1000,1,scout/bomber drone spotter,1,150,150,-100.0,257,0,257.0,90,True,2.0
M252 81mm,M821A2 81mm HE,1000,1,full gucci: player sensors/RF/EPLRS + drone,1,20,15,-100.0,17,0,17.0,90,False,1.0
M252 81mm,M821A2 81mm HE,1000,1,plain spotter,1,200,200,-100.0,360,0,360.0,90,True,2.0
M252 81mm,M821A2 81mm HE,1000,1,SOFLAM rangefinder,1,50,100,-100.0,47,0,47.0,90,False,1.0
M252 81mm,M821A2 81mm HE,1000,1,scout/bomber drone spotter,1,150,150,-100.0,215,0,215.0,90,True,2.0
M252 81mm,M821A2 81mm HE,1000,1,full gucci: player sensors/RF/EPLRS + drone,1,20,15,-100.0,17,0,17.0,90,False,1.0
M252 81mm,M821A2 81mm HE,1000,1,plain spotter,1,300,300,-100.0,439,0,439.0,90,True,2.0
M252 81mm,M821A2 81mm HE,1000,1,SOFLAM rangefinder,1,70,100,-100.0,82,0,82.0,90,True,1.5
M252 81mm,M821A2 81mm HE,1000,1,scout/bomber drone spotter,1,150,150,-100.0,257,0,257.0,90,True,2.0
M252 81mm,M821A2 81mm HE,1000,1,full gucci: player sensors/RF/EPLRS + drone,1,20,15,-100.0,17,0,17.0,90,False,1.0
M252 81mm,M821A2 81mm HE,1000,1,plain spotter,1,200,200,-100.0,360,0,360.0,90,True,2.0
M252 81mm,M821A2 81mm HE,1000,1,SOFLAM rangefinder,1,50,100,-100.0,47,0,47.0,90,False,1.0
M252 81mm,M821A2 81mm HE,1000,1,scout/bomber drone spotter,1,150,150,-100.0,215,0,215.0,90,True,2.0
M252 81mm,M821A2 81mm HE,1000,1,full gucci: player sensors/RF/EPLRS + drone,1,20,15,-100.0,17,0,17.0,90,False,1.0
M252 81mm,M821A2 81mm HE,1000,1,plain spotter,1,300,300,-100.0,439,0,439.0,90,True,2.0
M252 81mm,M821A2 81mm HE,1000,1,SOFLAM rangefinder,1,70,100,-100.0,82,0,82.0,90,True,1.5
M252 81mm,M821A2 81mm HE,1000,1,scout/bomber drone spotter,1,150,150,-100.0,257,0,257.0,90,True,2.0
M252 81mm,M821A2 81mm HE,1000,1,full gucci: player sensors/RF/EPLRS + drone,1,20,15,-100.0,17,0,17.0,90,False,1.0
M252 81mm,M821A2 81mm HE,1000,1,plain spotter,1,200,200,-100.0,360,0,360.0,90,True,2.0
M252 81mm,M821A2 81mm HE,1000,1,SOFLAM rangefinder,1,50,100,-100.0,47,0,47.0,90,False,1.0
M252 81mm,M821A2 81mm HE,1000,1,scout/bomber drone spotter,1,150,150,-100.0,215,0,215.0,90,True,2.0
M252 81mm,M821A2 81mm HE,1000,1,full gucci: player sensors/RF/EPLRS + drone,1,20,15,-100.0,17,0,17.0,90,False,1.0
M252 81mm,M821A2 81mm HE,1000,2,plain spotter,1,300,300,-100.0,439,0,439.0,90,True,2.0
M252 81mm,M821A2 81mm HE,1000,2,SOFLAM rangefinder,1,70,100,-100.0,82,0,82.0,90,True,1.5
M252 81mm,M821A2 81mm HE,1000,2,scout/bomber drone spotter,1,150,150,-100.0,257,0,257.0,90,True,2.0
M252 81mm,M821A2 81mm HE,1000,2,full gucci: player sensors/RF/EPLRS + drone,1,20,15,-100.0,17,0,17.0,90,False,1.0
M252 81mm,M821A2 81mm HE,1000,2,plain spotter,1,200,200,-100.0,360,0,360.0,90,True,2.0
M252 81mm,M821A2 81mm HE,1000,2,SOFLAM rangefinder,1,50,100,-100.0,47,0,47.0,90,False,1.0
M252 81mm,M821A2 81mm HE,1000,2,scout/bomber drone spotter,1,150,150,-100.0,215,0,215.0,90,True,2.0
M252 81mm,M821A2 81mm HE,1000,2,full gucci: player sensors/RF/EPLRS + drone,1,20,15,-100.0,17,0,17.0,90,False,1.0
M252 81mm,M821A2 81mm HE,1000,2,plain spotter,1,300,300,-100.0,439,0,439.0,90,True,2.0
M252 81mm,M821A2 81mm HE,1000,2,SOFLAM rangefinder,1,70,100,-100.0,82,0,82.0,90,True,1.5
M252 81mm,M821A2 81mm HE,1000,2,scout/bomber drone spotter,1,150,150,-100.0,257,0,257.0,90,True,2.0
M252 81mm,M821A2 81mm HE,1000,2,full gucci: player sensors/RF/EPLRS + drone,1,20,15,-100.0,17,0,17.0,90,False,1.0
M252 81mm,M821A2 81mm HE,1000,2,plain spotter,1,200,200,-100.0,360,0,360.0,90,True,2.0
M252 81mm,M821A2 81mm HE,1000,2,SOFLAM rangefinder,1,50,100,-100.0,47,0,47.0,90,False,1.0
M252 81mm,M821A2 81mm HE,1000,2,scout/bomber drone spotter,1,150,150,-100.0,215,0,215.0,90,True,2.0
M252 81mm,M821A2 81mm HE,1000,2,full gucci: player sensors/RF/EPLRS + drone,1,20,15,-100.0,17,0,17.0,90,False,1.0
M252 81mm,M821A2 81mm HE,1000,2,plain spotter,1,300,300,-100.0,439,0,439.0,90,True,2.0
M252 81mm,M821A2 81mm HE,1000,2,SOFLAM rangefinder,1,70,100,-100.0,82,0,82.0,90,True,1.5
M252 81mm,M821A2 81mm HE,1000,2,scout/bomber drone spotter,1,150,150,-100.0,257,0,257.0,90,True,2.0
M252 81mm,M821A2 81mm HE,1000,2,full gucci: player sensors/RF/EPLRS + drone,1,20,15,-100.0,17,0,17.0,90,False,1.0
M252 81mm,M821A2 81mm HE,1000,2,plain spotter,1,200,200,-100.0,360,0,360.0,90,True,2.0
M252 81mm,M821A2 81mm HE,1000,2,SOFLAM rangefinder,1,50,100,-100.0,47,0,47.0,90,False,1.0
M252 81mm,M821A2 81mm HE,1000,2,scout/bomber drone spotter,1,150,150,-100.0,215,0,215.0,90,True,2.0
M252 81mm,M821A2 81mm HE,1000,2,full gucci: player sensors/RF/EPLRS + drone,1,20,15,-100.0,17,0,17.0,90,False,1.0
M252 81mm,M821A2 81mm HE,3000,0,plain spotter,1,600,600,-100.0,705,0,705.0,90,True,2.0
M252 81mm,M821A2 81mm HE,3000,0,SOFLAM rangefinder,1,300,300,-100.0,481,0,481.0,90,True,2.0
M252 81mm,M821A2 81mm HE,3000,0,scout/bomber drone spotter,1,200,200,-100.0,391,0,391.0,90,True,2.0
M252 81mm,M821A2 81mm HE,3000,0,full gucci: player sensors/RF/EPLRS + drone,1,150,100,-100.0,243,0,243.0,90,True,2.0
M252 81mm,M821A2 81mm HE,3000,0,plain spotter,1,300,300,-100.0,597,0,597.0,90,True,2.0
M252 81mm,M821A2 81mm HE,3000,0,SOFLAM rangefinder,1,200,200,-100.0,398,0,398.0,90,True,2.0
M252 81mm,M821A2 81mm HE,3000,0,scout/bomber drone spotter,1,200,150,-100.0,310,0,310.0,90,True,2.0
M252 81mm,M821A2 81mm HE,3000,0,full gucci: player sensors/RF/EPLRS + drone,1,150,100,-100.0,203,0,203.0,90,True,2.0
M252 81mm,M821A2 81mm HE,3000,1,plain spotter,1,600,600,-100.0,683,0,683.0,90,True,2.0
M252 81mm,M821A2 81mm HE,3000,1,SOFLAM rangefinder,1,300,300,-100.0,456,0,456.0,90,True,2.0
M252 81mm,M821A2 81mm HE,3000,1,scout/bomber drone spotter,1,200,200,-100.0,364,0,364.0,90,True,2.0
M252 81mm,M821A2 81mm HE,3000,1,full gucci: player sensors/RF/EPLRS + drone,1,150,100,-100.0,218,0,218.0,90,True,2.0
M252 81mm,M821A2 81mm HE,3000,1,plain spotter,1,300,300,-100.0,573,0,573.0,90,True,2.0
M252 81mm,M821A2 81mm HE,3000,1,SOFLAM rangefinder,1,200,200,-100.0,371,0,371.0,90,True,2.0
M252 81mm,M821A2 81mm HE,3000,1,scout/bomber drone spotter,1,150,150,-100.0,281,0,281.0,90,True,2.0
M252 81mm,M821A2 81mm HE,3000,1,full gucci: player sensors/RF/EPLRS + drone,1,100,70,-100.0,132,0,132.0,90,True,1.5
M252 81mm,M821A2 81mm HE,3000,1,plain spotter,1,600,600,-100.0,673,0,673.0,90,True,2.0
M252 81mm,M821A2 81mm HE,3000,1,SOFLAM rangefinder,1,300,200,-100.0,448,0,448.0,90,True,2.0
M252 81mm,M821A2 81mm HE,3000,1,scout/bomber drone spotter,1,200,200,-100.0,357,0,357.0,90,True,2.0
M252 81mm,M821A2 81mm HE,3000,1,full gucci: player sensors/RF/EPLRS + drone,1,150,100,-100.0,210,0,210.0,90,True,2.0
M252 81mm,M821A2 81mm HE,3000,1,plain spotter,1,300,300,-100.0,564,0,564.0,90,True,2.0
M252 81mm,M821A2 81mm HE,3000,1,SOFLAM rangefinder,1,200,200,-100.0,365,0,365.0,90,True,2.0
M252 81mm,M821A2 81mm HE,3000,1,scout/bomber drone spotter,1,150,150,-100.0,276,0,276.0,90,True,2.0
M252 81mm,M821A2 81mm HE,3000,1,full gucci: player sensors/RF/EPLRS + drone,1,100,70,-100.0,127,0,127.0,90,True,1.5
M252 81mm,M821A2 81mm HE,3000,1,plain spotter,1,600,600,-100.0,673,0,673.0,90,True,2.0
M252 81mm,M821A2 81mm HE,3000,1,SOFLAM rangefinder,1,300,200,-100.0,448,0,448.0,90,True,2.0
M252 81mm,M821A2 81mm HE,3000,1,scout/bomber drone spotter,1,200,200,-100.0,357,0,357.0,90,True,2.0
M252 81mm,M821A2 81mm HE,3000,1,full gucci: player sensors/RF/EPLRS + drone,1,150,100,-100.0,210,0,210.0,90,True,2.0
M252 81mm,M821A2 81mm HE,3000,1,plain spotter,1,300,300,-100.0,564,0,564.0,90,True,2.0
M252 81mm,M821A2 81mm HE,3000,1,SOFLAM rangefinder,1,200,200,-100.0,365,0,365.0,90,True,2.0
M252 81mm,M821A2 81mm HE,3000,1,scout/bomber drone spotter,1,150,150,-100.0,276,0,276.0,90,True,2.0
M252 81mm,M821A2 81mm HE,3000,1,full gucci: player sensors/RF/EPLRS + drone,1,100,70,-100.0,127,0,127.0,90,True,1.5
M252 81mm,M821A2 81mm HE,3000,2,plain spotter,1,600,600,-100.0,669,0,669.0,90,True,2.0
M252 81mm,M821A2 81mm HE,3000,2,SOFLAM rangefinder,1,300,200,-100.0,445,0,445.0,90,True,2.0
M252 81mm,M821A2 81mm HE,3000,2,scout/bomber drone spotter,1,200,200,-100.0,355,0,355.0,90,True,2.0
M252 81mm,M821A2 81mm HE,3000,2,full gucci: player sensors/RF/EPLRS + drone,1,150,100,-100.0,206,0,206.0,90,True,2.0
M252 81mm,M821A2 81mm HE,3000,2,plain spotter,1,300,300,-100.0,561,0,561.0,90,True,2.0
M252 81mm,M821A2 81mm HE,3000,2,SOFLAM rangefinder,1,200,200,-100.0,362,0,362.0,90,True,2.0
M252 81mm,M821A2 81mm HE,3000,2,scout/bomber drone spotter,1,150,150,-100.0,275,0,275.0,90,True,2.0
M252 81mm,M821A2 81mm HE,3000,2,full gucci: player sensors/RF/EPLRS + drone,1,100,70,-100.0,125,0,125.0,90,True,1.5
M252 81mm,M821A2 81mm HE,3000,2,plain spotter,1,600,300,-100.0,649,0,649.0,90,True,2.0
M252 81mm,M821A2 81mm HE,3000,2,SOFLAM rangefinder,1,300,200,-100.0,425,0,425.0,90,True,2.0
M252 81mm,M821A2 81mm HE,3000,2,scout/bomber drone spotter,1,200,150,-100.0,336,0,336.0,90,True,2.0
M252 81mm,M821A2 81mm HE,3000,2,full gucci: player sensors/RF/EPLRS + drone,1,100,100,-100.0,140,0,140.0,90,True,1.5
M252 81mm,M821A2 81mm HE,3000,2,plain spotter,1,300,300,-100.0,541,0,541.0,90,True,2.0
M252 81mm,M821A2 81mm HE,3000,2,SOFLAM rangefinder,1,200,200,-100.0,343,0,343.0,90,True,2.0
M252 81mm,M821A2 81mm HE,3000,2,scout/bomber drone spotter,1,150,150,-100.0,275,0,275.0,90,True,2.0
M252 81mm,M821A2 81mm HE,3000,2,full gucci: player sensors/RF/EPLRS + drone,1,100,70,-100.0,111,0,111.0,90,True,1.5
M252 81mm,M821A2 81mm HE,3000,2,plain spotter,1,600,300,-100.0,649,0,649.0,90,True,2.0
M252 81mm,M821A2 81mm HE,3000,2,SOFLAM rangefinder,1,300,200,-100.0,425,0,425.0,90,True,2.0
M252 81mm,M821A2 81mm HE,3000,2,scout/bomber drone spotter,1,200,150,-100.0,336,0,336.0,90,True,2.0
M252 81mm,M821A2 81mm HE,3000,2,full gucci: player sensors/RF/EPLRS + drone,1,100,100,-100.0,140,0,140.0,90,True,1.5
M252 81mm,M821A2 81mm HE,3000,2,plain spotter,1,300,300,-100.0,541,0,541.0,90,True,2.0
M252 81mm,M821A2 81mm HE,3000,2,SOFLAM rangefinder,1,200,200,-100.0,343,0,343.0,90,True,2.0
M252 81mm,M821A2 81mm HE,3000,2,scout/bomber drone spotter,1,150,150,-100.0,275,0,275.0,90,True,2.0
M252 81mm,M821A2 81mm HE,3000,2,full gucci: player sensors/RF/EPLRS + drone,1,100,70,-100.0,111,0,111.0,90,True,1.5
M252 81mm,M821A2 81mm HE,3000,0,plain spotter,1,300,300,-100.0,594,0,594.0,90,True,2.0
M252 81mm,M821A2 81mm HE,3000,0,SOFLAM rangefinder,1,200,200,-100.0,379,0,379.0,90,True,2.0
M252 81mm,M821A2 81mm HE,3000,0,scout/bomber drone spotter,1,200,150,-100.0,317,0,317.0,90,True,2.0
M252 81mm,M821A2 81mm HE,3000,0,full gucci: player sensors/RF/EPLRS + drone,1,100,70,-100.0,106,0,106.0,90,True,1.5
M252 81mm,M821A2 81mm HE,3000,0,plain spotter,1,300,300,-100.0,489,0,489.0,90,True,2.0
M252 81mm,M821A2 81mm HE,3000,0,SOFLAM rangefinder,1,200,150,-100.0,325,0,325.0,90,True,2.0
M252 81mm,M821A2 81mm HE,3000,0,scout/bomber drone spotter,1,150,150,-100.0,275,0,275.0,90,True,2.0
M252 81mm,M821A2 81mm HE,3000,0,full gucci: player sensors/RF/EPLRS + drone,1,70,70,-100.0,98,0,98.0,90,True,1.5
M252 81mm,M821A2 81mm HE,3000,1,plain spotter,1,300,300,-100.0,586,0,586.0,90,True,2.0
M252 81mm,M821A2 81mm HE,3000,1,SOFLAM rangefinder,1,200,200,-100.0,379,0,379.0,90,True,2.0
M252 81mm,M821A2 81mm HE,3000,1,scout/bomber drone spotter,1,200,150,-100.0,317,0,317.0,90,True,2.0
M252 81mm,M821A2 81mm HE,3000,1,full gucci: player sensors/RF/EPLRS + drone,1,100,70,-100.0,106,0,106.0,90,True,1.5
M252 81mm,M821A2 81mm HE,3000,1,plain spotter,1,300,300,-100.0,482,0,482.0,90,True,2.0
M252 81mm,M821A2 81mm HE,3000,1,SOFLAM rangefinder,1,200,150,-100.0,325,0,325.0,90,True,2.0
M252 81mm,M821A2 81mm HE,3000,1,scout/bomber drone spotter,1,150,150,-100.0,275,0,275.0,90,True,2.0
M252 81mm,M821A2 81mm HE,3000,1,full gucci: player sensors/RF/EPLRS + drone,1,70,70,-100.0,98,0,98.0,90,True,1.5
M252 81mm,M821A2 81mm HE,3000,1,plain spotter,1,300,300,-100.0,568,0,568.0,90,True,2.0
M252 81mm,M821A2 81mm HE,3000,1,SOFLAM rangefinder,1,200,200,-100.0,379,0,379.0,90,True,2.0
M252 81mm,M821A2 81mm HE,3000,1,scout/bomber drone spotter,1,200,150,-100.0,317,0,317.0,90,True,2.0
M252 81mm,M821A2 81mm HE,3000,1,full gucci: player sensors/RF/EPLRS + drone,1,100,70,-100.0,106,0,106.0,90,True,1.5
M252 81mm,M821A2 81mm HE,3000,1,plain spotter,1,300,300,-100.0,477,0,477.0,90,True,2.0
M252 81mm,M821A2 81mm HE,3000,1,SOFLAM rangefinder,1,200,150,-100.0,325,0,325.0,90,True,2.0
M252 81mm,M821A2 81mm HE,3000,1,scout/bomber drone spotter,1,150,150,-100.0,275,0,275.0,90,True,2.0
M252 81mm,M821A2 81mm HE,3000,1,full gucci: player sensors/RF/EPLRS + drone,1,70,70,-100.0,98,0,98.0,90,True,1.5
M252 81mm,M821A2 81mm HE,3000,1,plain spotter,1,300,300,-100.0,568,0,568.0,90,True,2.0
M252 81mm,M821A2 81mm HE,3000,1,SOFLAM rangefinder,1,200,200,-100.0,379,0,379.0,90,True,2.0
M252 81mm,M821A2 81mm HE,3000,1,scout/bomber drone spotter,1,200,150,-100.0,317,0,317.0,90,True,2.0
M252 81mm,M821A2 81mm HE,3000,1,full gucci: player sensors/RF/EPLRS + drone,1,100,70,-100.0,106,0,106.0,90,True,1.5
M252 81mm,M821A2 81mm HE,3000,1,plain spotter,1,300,300,-100.0,477,0,477.0,90,True,2.0
M252 81mm,M821A2 81mm HE,3000,1,SOFLAM rangefinder,1,200,150,-100.0,325,0,325.0,90,True,2.0
M252 81mm,M821A2 81mm HE,3000,1,scout/bomber drone spotter,1,150,150,-100.0,275,0,275.0,90,True,2.0
M252 81mm,M821A2 81mm HE,3000,1,full gucci: player sensors/RF/EPLRS + drone,1,70,70,-100.0,98,0,98.0,90,True,1.5
M252 81mm,M821A2 81mm HE,3000,2,plain spotter,1,300,300,-100.0,576,0,576.0,90,True,2.0
M252 81mm,M821A2 81mm HE,3000,2,SOFLAM rangefinder,1,200,200,-100.0,379,0,379.0,90,True,2.0
M252 81mm,M821A2 81mm HE,3000,2,scout/bomber drone spotter,1,200,150,-100.0,317,0,317.0,90,True,2.0
M252 81mm,M821A2 81mm HE,3000,2,full gucci: player sensors/RF/EPLRS + drone,1,100,70,-100.0,106,0,106.0,90,True,1.5
M252 81mm,M821A2 81mm HE,3000,2,plain spotter,1,300,300,-100.0,477,0,477.0,90,True,2.0
M252 81mm,M821A2 81mm HE,3000,2,SOFLAM rangefinder,1,200,150,-100.0,325,0,325.0,90,True,2.0
M252 81mm,M821A2 81mm HE,3000,2,scout/bomber drone spotter,1,150,150,-100.0,275,0,275.0,90,True,2.0
M252 81mm,M821A2 81mm HE,3000,2,full gucci: player sensors/RF/EPLRS + drone,1,70,70,-100.0,98,0,98.0,90,True,1.5
M252 81mm,M821A2 81mm HE,3000,2,plain spotter,1,300,300,-100.0,568,0,568.0,90,True,2.0
M252 81mm,M821A2 81mm HE,3000,2,SOFLAM rangefinder,1,200,200,-100.0,379,0,379.0,90,True,2.0
M252 81mm,M821A2 81mm HE,3000,2,scout/bomber drone spotter,1,200,150,-100.0,317,0,317.0,90,True,2.0
M252 81mm,M821A2 81mm HE,3000,2,full gucci: player sensors/RF/EPLRS + drone,1,100,70,-100.0,106,0,106.0,90,True,1.5
M252 81mm,M821A2 81mm HE,3000,2,plain spotter,1,300,300,-100.0,477,0,477.0,90,True,2.0
M252 81mm,M821A2 81mm HE,3000,2,SOFLAM rangefinder,1,200,150,-100.0,325,0,325.0,90,True,2.0
M252 81mm,M821A2 81mm HE,3000,2,scout/bomber drone spotter,1,150,150,-100.0,275,0,275.0,90,True,2.0
M252 81mm,M821A2 81mm HE,3000,2,full gucci: player sensors/RF/EPLRS + drone,1,70,70,-100.0,98,0,98.0,90,True,1.5
M252 81mm,M821A2 81mm HE,3000,2,plain spotter,1,300,300,-100.0,568,0,568.0,90,True,2.0
M252 81mm,M821A2 81mm HE,3000,2,SOFLAM rangefinder,1,200,200,-100.0,379,0,379.0,90,True,2.0
M252 81mm,M821A2 81mm HE,3000,2,scout/bomber drone spotter,1,200,150,-100.0,317,0,317.0,90,True,2.0
M252 81mm,M821A2 81mm HE,3000,2,full gucci: player sensors/RF/EPLRS + drone,1,100,70,-100.0,106,0,106.0,90,True,1.5
M252 81mm,M821A2 81mm HE,3000,2,plain spotter,1,300,300,-100.0,477,0,477.0,90,True,2.0
M252 81mm,M821A2 81mm HE,3000,2,SOFLAM rangefinder,1,200,150,-100.0,325,0,325.0,90,True,2.0
M252 81mm,M821A2 81mm HE,3000,2,scout/bomber drone spotter,1,150,150,-100.0,275,0,275.0,90,True,2.0
M252 81mm,M821A2 81mm HE,3000,2,full gucci: player sensors/RF/EPLRS + drone,1,70,70,-100.0,98,0,98.0,90,True,1.5
M252 81mm,M821A2 81mm HE,3000,0,plain spotter,1,300,300,-100.0,568,0,568.0,90,True,2.0
M252 81mm,M821A2 81mm HE,3000,0,SOFLAM rangefinder,1,200,200,-100.0,379,0,379.0,90,True,2.0
M252 81mm,M821A2 81mm HE,3000,0,scout/bomber drone spotter,1,200,150,-100.0,317,0,317.0,90,True,2.0
M252 81mm,M821A2 81mm HE,3000,0,full gucci: player sensors/RF/EPLRS + drone,1,100,70,-100.0,106,0,106.0,90,True,1.5
M252 81mm,M821A2 81mm HE,3000,0,plain spotter,1,300,300,-100.0,477,0,477.0,90,True,2.0
M252 81mm,M821A2 81mm HE,3000,0,SOFLAM rangefinder,1,200,150,-100.0,325,0,325.0,90,True,2.0
M252 81mm,M821A2 81mm HE,3000,0,scout/bomber drone spotter,1,150,150,-100.0,275,0,275.0,90,True,2.0
M252 81mm,M821A2 81mm HE,3000,0,full gucci: player sensors/RF/EPLRS + drone,1,70,70,-100.0,98,0,98.0,90,True,1.5
M252 81mm,M821A2 81mm HE,3000,1,plain spotter,1,300,300,-100.0,568,0,568.0,90,True,2.0
M252 81mm,M821A2 81mm HE,3000,1,SOFLAM rangefinder,1,200,200,-100.0,379,0,379.0,90,True,2.0
M252 81mm,M821A2 81mm HE,3000,1,scout/bomber drone spotter,1,200,150,-100.0,317,0,317.0,90,True,2.0
M252 81mm,M821A2 81mm HE,3000,1,full gucci: player sensors/RF/EPLRS + drone,1,100,70,-100.0,106,0,106.0,90,True,1.5
M252 81mm,M821A2 81mm HE,3000,1,plain spotter,1,300,300,-100.0,477,0,477.0,90,True,2.0
M252 81mm,M821A2 81mm HE,3000,1,SOFLAM rangefinder,1,200,150,-100.0,325,0,325.0,90,True,2.0
M252 81mm,M821A2 81mm HE,3000,1,scout/bomber drone spotter,1,150,150,-100.0,275,0,275.0,90,True,2.0
M252 81mm,M821A2 81mm HE,3000,1,full gucci: player sensors/RF/EPLRS + drone,1,70,70,-100.0,98,0,98.0,90,True,1.5
M252 81mm,M821A2 81mm HE,3000,1,plain spotter,1,300,300,-100.0,568,0,568.0,90,True,2.0
M252 81mm,M821A2 81mm HE,3000,1,SOFLAM rangefinder,1,200,200,-100.0,379,0,379.0,90,True,2.0
M252 81mm,M821A2 81mm HE,3000,1,scout/bomber drone spotter,1,200,150,-100.0,317,0,317.0,90,True,2.0
M252 81mm,M821A2 81mm HE,3000,1,full gucci: player sensors/RF/EPLRS + drone,1,100,70,-100.0,106,0,106.0,90,True,1.5
M252 81mm,M821A2 81mm HE,3000,1,plain spotter,1,300,300,-100.0,477,0,477.0,90,True,2.0
M252 81mm,M821A2 81mm HE,3000,1,SOFLAM rangefinder,1,200,150,-100.0,325,0,325.0,90,True,2.0
M252 81mm,M821A2 81mm HE,3000,1,scout/bomber drone spotter,1,150,150,-100.0,275,0,275.0,90,True,2.0
M252 81mm,M821A2 81mm HE,3000,1,full gucci: player sensors/RF/EPLRS + drone,1,70,70,-100.0,98,0,98.0,90,True,1.5
M252 81mm,M821A2 81mm HE,3000,1,plain spotter,1,300,300,-100.0,568,0,568.0,90,True,2.0
M252 81mm,M821A2 81mm HE,3000,1,SOFLAM rangefinder,1,200,200,-100.0,379,0,379.0,90,True,2.0
M252 81mm,M821A2 81mm HE,3000,1,scout/bomber drone spotter,1,200,150,-100.0,317,0,317.0,90,True,2.0
M252 81mm,M821A2 81mm HE,3000,1,full gucci: player sensors/RF/EPLRS + drone,1,100,70,-100.0,106,0,106.0,90,True,1.5
M252 81mm,M821A2 81mm HE,3000,1,plain spotter,1,300,300,-100.0,477,0,477.0,90,True,2.0
M252 81mm,M821A2 81mm HE,3000,1,SOFLAM rangefinder,1,200,150,-100.0,325,0,325.0,90,True,2.0
M252 81mm,M821A2 81mm HE,3000,1,scout/bomber drone spotter,1,150,150,-100.0,275,0,275.0,90,True,2.0
M252 81mm,M821A2 81mm HE,3000,1,full gucci: player sensors/RF/EPLRS + drone,1,70,70,-100.0,98,0,98.0,90,True,1.5
M252 81mm,M821A2 81mm HE,3000,2,plain spotter,1,300,300,-100.0,568,0,568.0,90,True,2.0
M252 81mm,M821A2 81mm HE,3000,2,SOFLAM rangefinder,1,200,200,-100.0,379,0,379.0,90,True,2.0
M252 81mm,M821A2 81mm HE,3000,2,scout/bomber drone spotter,1,200,150,-100.0,317,0,317.0,90,True,2.0
M252 81mm,M821A2 81mm HE,3000,2,full gucci: player sensors/RF/EPLRS + drone,1,100,70,-100.0,106,0,106.0,90,True,1.5
M252 81mm,M821A2 81mm HE,3000,2,plain spotter,1,300,300,-100.0,477,0,477.0,90,True,2.0
M252 81mm,M821A2 81mm HE,3000,2,SOFLAM rangefinder,1,200,150,-100.0,325,0,325.0,90,True,2.0
M252 81mm,M821A2 81mm HE,3000,2,scout/bomber drone spotter,1,150,150,-100.0,275,0,275.0,90,True,2.0
M252 81mm,M821A2 81mm HE,3000,2,full gucci: player sensors/RF/EPLRS + drone,1,70,70,-100.0,98,0,98.0,90,True,1.5
M252 81mm,M821A2 81mm HE,3000,2,plain spotter,1,300,300,-100.0,568,0,568.0,90,True,2.0
M252 81mm,M821A2 81mm HE,3000,2,SOFLAM rangefinder,1,200,200,-100.0,379,0,379.0,90,True,2.0
M252 81mm,M821A2 81mm HE,3000,2,scout/bomber drone spotter,1,200,150,-100.0,317,0,317.0,90,True,2.0
M252 81mm,M821A2 81mm HE,3000,2,full gucci: player sensors/RF/EPLRS + drone,1,100,70,-100.0,106,0,106.0,90,True,1.5
M252 81mm,M821A2 81mm HE,3000,2,plain spotter,1,300,300,-100.0,477,0,477.0,90,True,2.0
M252 81mm,M821A2 81mm HE,3000,2,SOFLAM rangefinder,1,200,150,-100.0,325,0,325.0,90,True,2.0
M252 81mm,M821A2 81mm HE,3000,2,scout/bomber drone spotter,1,150,150,-100.0,275,0,275.0,90,True,2.0
M252 81mm,M821A2 81mm HE,3000,2,full gucci: player sensors/RF/EPLRS + drone,1,70,70,-100.0,98,0,98.0,90,True,1.5
M252 81mm,M821A2 81mm HE,3000,2,plain spotter,1,300,300,-100.0,568,0,568.0,90,True,2.0
M252 81mm,M821A2 81mm HE,3000,2,SOFLAM rangefinder,1,200,200,-100.0,379,0,379.0,90,True,2.0
M252 81mm,M821A2 81mm HE,3000,2,scout/bomber drone spotter,1,200,150,-100.0,317,0,317.0,90,True,2.0
M252 81mm,M821A2 81mm HE,3000,2,full gucci: player sensors/RF/EPLRS + drone,1,100,70,-100.0,106,0,106.0,90,True,1.5
M252 81mm,M821A2 81mm HE,3000,2,plain spotter,1,300,300,-100.0,477,0,477.0,90,True,2.0
M252 81mm,M821A2 81mm HE,3000,2,SOFLAM rangefinder,1,200,150,-100.0,325,0,325.0,90,True,2.0
M252 81mm,M821A2 81mm HE,3000,2,scout/bomber drone spotter,1,150,150,-100.0,275,0,275.0,90,True,2.0
M252 81mm,M821A2 81mm HE,3000,2,full gucci: player sensors/RF/EPLRS + drone,1,70,70,-100.0,98,0,98.0,90,True,1.5
M252 81mm,M821A2 81mm HE,5900,0,plain spotter,1,600,600,-100.0,1064,0,1064.0,90,True,2.0
M252 81mm,M821A2 81mm HE,5900,0,SOFLAM rangefinder,1,600,600,-100.0,751,0,751.0,90,True,2.0
M252 81mm,M821A2 81mm HE,5900,0,scout/bomber drone spotter,1,300,300,-100.0,549,0,549.0,90,True,2.0
M252 81mm,M821A2 81mm HE,5900,0,full gucci: player sensors/RF/EPLRS + drone,1,300,200,-100.0,491,0,491.0,90,True,2.0
M252 81mm,M821A2 81mm HE,5900,0,plain spotter,1,600,600,-100.0,936,0,936.0,90,True,2.0
M252 81mm,M821A2 81mm HE,5900,0,SOFLAM rangefinder,1,600,300,-100.0,646,0,646.0,90,True,2.0
M252 81mm,M821A2 81mm HE,5900,0,scout/bomber drone spotter,1,300,200,-100.0,432,0,432.0,90,True,2.0
M252 81mm,M821A2 81mm HE,5900,0,full gucci: player sensors/RF/EPLRS + drone,1,300,200,-100.0,433,0,433.0,90,True,2.0
M252 81mm,M821A2 81mm HE,5900,1,plain spotter,1,600,600,-100.0,1023,0,1023.0,90,True,2.0
M252 81mm,M821A2 81mm HE,5900,1,SOFLAM rangefinder,1,600,300,-100.0,705,0,705.0,90,True,2.0
M252 81mm,M821A2 81mm HE,5900,1,scout/bomber drone spotter,1,300,300,-100.0,496,0,496.0,90,True,2.0
M252 81mm,M821A2 81mm HE,5900,1,full gucci: player sensors/RF/EPLRS + drone,1,300,200,-100.0,445,0,445.0,90,True,2.0
M252 81mm,M821A2 81mm HE,5900,1,plain spotter,1,600,600,-100.0,893,0,893.0,90,True,2.0
M252 81mm,M821A2 81mm HE,5900,1,SOFLAM rangefinder,1,300,300,-100.0,597,0,597.0,90,True,2.0
M252 81mm,M821A2 81mm HE,5900,1,scout/bomber drone spotter,1,200,200,-100.0,373,0,373.0,90,True,2.0
M252 81mm,M821A2 81mm HE,5900,1,full gucci: player sensors/RF/EPLRS + drone,1,200,150,-100.0,384,0,384.0,90,True,2.0
M252 81mm,M821A2 81mm HE,5900,1,plain spotter,1,600,600,-100.0,1002,0,1002.0,90,True,2.0
M252 81mm,M821A2 81mm HE,5900,1,SOFLAM rangefinder,1,600,300,-100.0,687,0,687.0,90,True,2.0
M252 81mm,M821A2 81mm HE,5900,1,scout/bomber drone spotter,1,300,200,-100.0,483,0,483.0,90,True,2.0
M252 81mm,M821A2 81mm HE,5900,1,full gucci: player sensors/RF/EPLRS + drone,1,300,200,-100.0,427,0,427.0,90,True,2.0
M252 81mm,M821A2 81mm HE,5900,1,plain spotter,1,600,600,-100.0,873,0,873.0,90,True,2.0
M252 81mm,M821A2 81mm HE,5900,1,SOFLAM rangefinder,1,300,300,-100.0,581,0,581.0,90,True,2.0
M252 81mm,M821A2 81mm HE,5900,1,scout/bomber drone spotter,1,200,200,-100.0,364,0,364.0,90,True,2.0
M252 81mm,M821A2 81mm HE,5900,1,full gucci: player sensors/RF/EPLRS + drone,1,200,150,-100.0,368,0,368.0,90,True,2.0
M252 81mm,M821A2 81mm HE,5900,1,plain spotter,1,600,600,-100.0,1002,0,1002.0,90,True,2.0
M252 81mm,M821A2 81mm HE,5900,1,SOFLAM rangefinder,1,600,300,-100.0,687,0,687.0,90,True,2.0
M252 81mm,M821A2 81mm HE,5900,1,scout/bomber drone spotter,1,300,200,-100.0,483,0,483.0,90,True,2.0
M252 81mm,M821A2 81mm HE,5900,1,full gucci: player sensors/RF/EPLRS + drone,1,300,200,-100.0,427,0,427.0,90,True,2.0
M252 81mm,M821A2 81mm HE,5900,1,plain spotter,1,600,600,-100.0,873,0,873.0,90,True,2.0
M252 81mm,M821A2 81mm HE,5900,1,SOFLAM rangefinder,1,300,300,-100.0,581,0,581.0,90,True,2.0
M252 81mm,M821A2 81mm HE,5900,1,scout/bomber drone spotter,1,200,200,-100.0,364,0,364.0,90,True,2.0
M252 81mm,M821A2 81mm HE,5900,1,full gucci: player sensors/RF/EPLRS + drone,1,200,150,-100.0,368,0,368.0,90,True,2.0
M252 81mm,M821A2 81mm HE,5900,2,plain spotter,1,600,600,-100.0,993,0,993.0,90,True,2.0
M252 81mm,M821A2 81mm HE,5900,2,SOFLAM rangefinder,1,600,300,-100.0,679,0,679.0,90,True,2.0
M252 81mm,M821A2 81mm HE,5900,2,scout/bomber drone spotter,1,300,200,-100.0,478,0,478.0,90,True,2.0
M252 81mm,M821A2 81mm HE,5900,2,full gucci: player sensors/RF/EPLRS + drone,1,300,200,-100.0,419,0,419.0,90,True,2.0
M252 81mm,M821A2 81mm HE,5900,2,plain spotter,1,600,600,-100.0,864,0,864.0,90,True,2.0
M252 81mm,M821A2 81mm HE,5900,2,SOFLAM rangefinder,1,300,300,-100.0,575,0,575.0,90,True,2.0
M252 81mm,M821A2 81mm HE,5900,2,scout/bomber drone spotter,1,200,200,-100.0,362,0,362.0,90,True,2.0
M252 81mm,M821A2 81mm HE,5900,2,full gucci: player sensors/RF/EPLRS + drone,1,200,150,-100.0,362,0,362.0,90,True,2.0
M252 81mm,M821A2 81mm HE,5900,2,plain spotter,1,600,600,-100.0,953,0,953.0,90,True,2.0
M252 81mm,M821A2 81mm HE,5900,2,SOFLAM rangefinder,1,600,300,-100.0,640,0,640.0,90,True,2.0
M252 81mm,M821A2 81mm HE,5900,2,scout/bomber drone spotter,1,300,200,-100.0,440,0,440.0,90,True,2.0
M252 81mm,M821A2 81mm HE,5900,2,full gucci: player sensors/RF/EPLRS + drone,1,200,150,-100.0,380,0,380.0,90,True,2.0
M252 81mm,M821A2 81mm HE,5900,2,plain spotter,1,600,600,-100.0,824,0,824.0,90,True,2.0
M252 81mm,M821A2 81mm HE,5900,2,SOFLAM rangefinder,1,300,300,-100.0,536,0,536.0,90,True,2.0
M252 81mm,M821A2 81mm HE,5900,2,scout/bomber drone spotter,1,200,200,-100.0,362,0,362.0,90,True,2.0
M252 81mm,M821A2 81mm HE,5900,2,full gucci: player sensors/RF/EPLRS + drone,1,200,150,-100.0,323,0,323.0,90,True,2.0
M252 81mm,M821A2 81mm HE,5900,2,plain spotter,1,600,600,-100.0,953,0,953.0,90,True,2.0
M252 81mm,M821A2 81mm HE,5900,2,SOFLAM rangefinder,1,600,300,-100.0,640,0,640.0,90,True,2.0
M252 81mm,M821A2 81mm HE,5900,2,scout/bomber drone spotter,1,300,200,-100.0,440,0,440.0,90,True,2.0
M252 81mm,M821A2 81mm HE,5900,2,full gucci: player sensors/RF/EPLRS + drone,1,200,150,-100.0,380,0,380.0,90,True,2.0
M252 81mm,M821A2 81mm HE,5900,2,plain spotter,1,600,600,-100.0,824,0,824.0,90,True,2.0
M252 81mm,M821A2 81mm HE,5900,2,SOFLAM rangefinder,1,300,300,-100.0,536,0,536.0,90,True,2.0
M252 81mm,M821A2 81mm HE,5900,2,scout/bomber drone spotter,1,200,200,-100.0,362,0,362.0,90,True,2.0
M252 81mm,M821A2 81mm HE,5900,2,full gucci: player sensors/RF/EPLRS + drone,1,200,150,-100.0,323,0,323.0,90,True,2.0
M252 81mm,M821A2 81mm HE,5900,0,plain spotter,1,600,600,-100.0,838,0,838.0,90,True,2.0
M252 81mm,M821A2 81mm HE,5900,0,SOFLAM rangefinder,1,300,300,-100.0,538,0,538.0,90,True,2.0
M252 81mm,M821A2 81mm HE,5900,0,scout/bomber drone spotter,1,300,200,-100.0,404,0,404.0,90,True,2.0
M252 81mm,M821A2 81mm HE,5900,0,full gucci: player sensors/RF/EPLRS + drone,1,150,150,-100.0,278,0,278.0,90,True,2.0
M252 81mm,M821A2 81mm HE,5900,0,plain spotter,1,600,600,-100.0,713,0,713.0,90,True,2.0
M252 81mm,M821A2 81mm HE,5900,0,SOFLAM rangefinder,1,300,200,-100.0,449,0,449.0,90,True,2.0
M252 81mm,M821A2 81mm HE,5900,0,scout/bomber drone spotter,1,200,200,-100.0,362,0,362.0,90,True,2.0
M252 81mm,M821A2 81mm HE,5900,0,full gucci: player sensors/RF/EPLRS + drone,1,150,100,-100.0,236,0,236.0,90,True,2.0
M252 81mm,M821A2 81mm HE,5900,1,plain spotter,1,600,600,-100.0,820,0,820.0,90,True,2.0
M252 81mm,M821A2 81mm HE,5900,1,SOFLAM rangefinder,1,300,300,-100.0,524,0,524.0,90,True,2.0
M252 81mm,M821A2 81mm HE,5900,1,scout/bomber drone spotter,1,300,200,-100.0,404,0,404.0,90,True,2.0
M252 81mm,M821A2 81mm HE,5900,1,full gucci: player sensors/RF/EPLRS + drone,1,150,150,-100.0,264,0,264.0,90,True,2.0
M252 81mm,M821A2 81mm HE,5900,1,plain spotter,1,600,600,-100.0,696,0,696.0,90,True,2.0
M252 81mm,M821A2 81mm HE,5900,1,SOFLAM rangefinder,1,300,200,-100.0,449,0,449.0,90,True,2.0
M252 81mm,M821A2 81mm HE,5900,1,scout/bomber drone spotter,1,200,200,-100.0,362,0,362.0,90,True,2.0
M252 81mm,M821A2 81mm HE,5900,1,full gucci: player sensors/RF/EPLRS + drone,1,150,100,-100.0,236,0,236.0,90,True,2.0
M252 81mm,M821A2 81mm HE,5900,1,plain spotter,1,600,600,-100.0,769,0,769.0,90,True,2.0
M252 81mm,M821A2 81mm HE,5900,1,SOFLAM rangefinder,1,300,300,-100.0,511,0,511.0,90,True,2.0
M252 81mm,M821A2 81mm HE,5900,1,scout/bomber drone spotter,1,300,200,-100.0,404,0,404.0,90,True,2.0
M252 81mm,M821A2 81mm HE,5900,1,full gucci: player sensors/RF/EPLRS + drone,1,150,100,-100.0,251,0,251.0,90,True,2.0
M252 81mm,M821A2 81mm HE,5900,1,plain spotter,1,600,300,-100.0,648,0,648.0,90,True,2.0
M252 81mm,M821A2 81mm HE,5900,1,SOFLAM rangefinder,1,300,200,-100.0,449,0,449.0,90,True,2.0
M252 81mm,M821A2 81mm HE,5900,1,scout/bomber drone spotter,1,200,200,-100.0,362,0,362.0,90,True,2.0
M252 81mm,M821A2 81mm HE,5900,1,full gucci: player sensors/RF/EPLRS + drone,1,150,100,-100.0,236,0,236.0,90,True,2.0
M252 81mm,M821A2 81mm HE,5900,1,plain spotter,1,600,600,-100.0,755,0,755.0,90,True,2.0
M252 81mm,M821A2 81mm HE,5900,1,SOFLAM rangefinder,1,300,300,-100.0,511,0,511.0,90,True,2.0
M252 81mm,M821A2 81mm HE,5900,1,scout/bomber drone spotter,1,300,200,-100.0,404,0,404.0,90,True,2.0
M252 81mm,M821A2 81mm HE,5900,1,full gucci: player sensors/RF/EPLRS + drone,1,150,100,-100.0,251,0,251.0,90,True,2.0
M252 81mm,M821A2 81mm HE,5900,1,plain spotter,1,600,300,-100.0,647,0,647.0,90,True,2.0
M252 81mm,M821A2 81mm HE,5900,1,SOFLAM rangefinder,1,300,200,-100.0,449,0,449.0,90,True,2.0
M252 81mm,M821A2 81mm HE,5900,1,scout/bomber drone spotter,1,200,200,-100.0,362,0,362.0,90,True,2.0
M252 81mm,M821A2 81mm HE,5900,1,full gucci: player sensors/RF/EPLRS + drone,1,150,100,-100.0,236,0,236.0,90,True,2.0
M252 81mm,M821A2 81mm HE,5900,2,plain spotter,1,600,600,-100.0,801,0,801.0,90,True,2.0
M252 81mm,M821A2 81mm HE,5900,2,SOFLAM rangefinder,1,300,300,-100.0,511,0,511.0,90,True,2.0
M252 81mm,M821A2 81mm HE,5900,2,scout/bomber drone spotter,1,300,200,-100.0,404,0,404.0,90,True,2.0
M252 81mm,M821A2 81mm HE,5900,2,full gucci: player sensors/RF/EPLRS + drone,1,150,100,-100.0,251,0,251.0,90,True,2.0
M252 81mm,M821A2 81mm HE,5900,2,plain spotter,1,600,600,-100.0,678,0,678.0,90,True,2.0
M252 81mm,M821A2 81mm HE,5900,2,SOFLAM rangefinder,1,300,200,-100.0,449,0,449.0,90,True,2.0
M252 81mm,M821A2 81mm HE,5900,2,scout/bomber drone spotter,1,200,200,-100.0,362,0,362.0,90,True,2.0
M252 81mm,M821A2 81mm HE,5900,2,full gucci: player sensors/RF/EPLRS + drone,1,150,100,-100.0,236,0,236.0,90,True,2.0
M252 81mm,M821A2 81mm HE,5900,2,plain spotter,1,600,600,-100.0,755,0,755.0,90,True,2.0
M252 81mm,M821A2 81mm HE,5900,2,SOFLAM rangefinder,1,300,300,-100.0,511,0,511.0,90,True,2.0
M252 81mm,M821A2 81mm HE,5900,2,scout/bomber drone spotter,1,300,200,-100.0,404,0,404.0,90,True,2.0
M252 81mm,M821A2 81mm HE,5900,2,full gucci: player sensors/RF/EPLRS + drone,1,150,100,-100.0,251,0,251.0,90,True,2.0
M252 81mm,M821A2 81mm HE,5900,2,plain spotter,1,600,300,-100.0,647,0,647.0,90,True,2.0
M252 81mm,M821A2 81mm HE,5900,2,SOFLAM rangefinder,1,300,200,-100.0,449,0,449.0,90,True,2.0
M252 81mm,M821A2 81mm HE,5900,2,scout/bomber drone spotter,1,200,200,-100.0,362,0,362.0,90,True,2.0
M252 81mm,M821A2 81mm HE,5900,2,full gucci: player sensors/RF/EPLRS + drone,1,150,100,-100.0,236,0,236.0,90,True,2.0
M252 81mm,M821A2 81mm HE,5900,2,plain spotter,1,600,600,-100.0,755,0,755.0,90,True,2.0
M252 81mm,M821A2 81mm HE,5900,2,SOFLAM rangefinder,1,300,300,-100.0,511,0,511.0,90,True,2.0
M252 81mm,M821A2 81mm HE,5900,2,scout/bomber drone spotter,1,300,200,-100.0,404,0,404.0,90,True,2.0
M252 81mm,M821A2 81mm HE,5900,2,full gucci: player sensors/RF/EPLRS + drone,1,150,100,-100.0,251,0,251.0,90,True,2.0
M252 81mm,M821A2 81mm HE,5900,2,plain spotter,1,600,300,-100.0,647,0,647.0,90,True,2.0
M252 81mm,M821A2 81mm HE,5900,2,SOFLAM rangefinder,1,300,200,-100.0,449,0,449.0,90,True,2.0
M252 81mm,M821A2 81mm HE,5900,2,scout/bomber drone spotter,1,200,200,-100.0,362,0,362.0,90,True,2.0
M252 81mm,M821A2 81mm HE,5900,2,full gucci: player sensors/RF/EPLRS + drone,1,150,100,-100.0,236,0,236.0,90,True,2.0
M252 81mm,M821A2 81mm HE,5900,0,plain spotter,1,600,600,-100.0,755,0,755.0,90,True,2.0
M252 81mm,M821A2 81mm HE,5900,0,SOFLAM rangefinder,1,300,300,-100.0,511,0,511.0,90,True,2.0
M252 81mm,M821A2 81mm HE,5900,0,scout/bomber drone spotter,1,300,200,-100.0,404,0,404.0,90,True,2.0
M252 81mm,M821A2 81mm HE,5900,0,full gucci: player sensors/RF/EPLRS + drone,1,150,100,-100.0,251,0,251.0,90,True,2.0
M252 81mm,M821A2 81mm HE,5900,0,plain spotter,1,600,300,-100.0,647,0,647.0,90,True,2.0
M252 81mm,M821A2 81mm HE,5900,0,SOFLAM rangefinder,1,300,200,-100.0,449,0,449.0,90,True,2.0
M252 81mm,M821A2 81mm HE,5900,0,scout/bomber drone spotter,1,200,200,-100.0,362,0,362.0,90,True,2.0
M252 81mm,M821A2 81mm HE,5900,0,full gucci: player sensors/RF/EPLRS + drone,1,150,100,-100.0,236,0,236.0,90,True,2.0
M252 81mm,M821A2 81mm HE,5900,1,plain spotter,1,600,600,-100.0,755,0,755.0,90,True,2.0
M252 81mm,M821A2 81mm HE,5900,1,SOFLAM rangefinder,1,300,300,-100.0,511,0,511.0,90,True,2.0
M252 81mm,M821A2 81mm HE,5900,1,scout/bomber drone spotter,1,300,200,-100.0,404,0,404.0,90,True,2.0
M252 81mm,M821A2 81mm HE,5900,1,full gucci: player sensors/RF/EPLRS + drone,1,150,100,-100.0,251,0,251.0,90,True,2.0
M252 81mm,M821A2 81mm HE,5900,1,plain spotter,1,600,300,-100.0,647,0,647.0,90,True,2.0
M252 81mm,M821A2 81mm HE,5900,1,SOFLAM rangefinder,1,300,200,-100.0,449,0,449.0,90,True,2.0
M252 81mm,M821A2 81mm HE,5900,1,scout/bomber drone spotter,1,200,200,-100.0,362,0,362.0,90,True,2.0
M252 81mm,M821A2 81mm HE,5900,1,full gucci: player sensors/RF/EPLRS + drone,1,150,100,-100.0,236,0,236.0,90,True,2.0
M252 81mm,M821A2 81mm HE,5900,1,plain spotter,1,600,600,-100.0,755,0,755.0,90,True,2.0
M252 81mm,M821A2 81mm HE,5900,1,SOFLAM rangefinder,1,300,300,-100.0,511,0,511.0,90,True,2.0
M252 81mm,M821A2 81mm HE,5900,1,scout/bomber drone spotter,1,300,200,-100.0,404,0,404.0,90,True,2.0
M252 81mm,M821A2 81mm HE,5900,1,full gucci: player sensors/RF/EPLRS + drone,1,150,100,-100.0,251,0,251.0,90,True,2.0
M252 81mm,M821A2 81mm HE,5900,1,plain spotter,1,600,300,-100.0,647,0,647.0,90,True,2.0
M252 81mm,M821A2 81mm HE,5900,1,SOFLAM rangefinder,1,300,200,-100.0,449,0,449.0,90,True,2.0
M252 81mm,M821A2 81mm HE,5900,1,scout/bomber drone spotter,1,200,200,-100.0,362,0,362.0,90,True,2.0
M252 81mm,M821A2 81mm HE,5900,1,full gucci: player sensors/RF/EPLRS + drone,1,150,100,-100.0,236,0,236.0,90,True,2.0
M252 81mm,M821A2 81mm HE,5900,1,plain spotter,1,600,600,-100.0,755,0,755.0,90,True,2.0
M252 81mm,M821A2 81mm HE,5900,1,SOFLAM rangefinder,1,300,300,-100.0,511,0,511.0,90,True,2.0
M252 81mm,M821A2 81mm HE,5900,1,scout/bomber drone spotter,1,300,200,-100.0,404,0,404.0,90,True,2.0
M252 81mm,M821A2 81mm HE,5900,1,full gucci: player sensors/RF/EPLRS + drone,1,150,100,-100.0,251,0,251.0,90,True,2.0
M252 81mm,M821A2 81mm HE,5900,1,plain spotter,1,600,300,-100.0,647,0,647.0,90,True,2.0
M252 81mm,M821A2 81mm HE,5900,1,SOFLAM rangefinder,1,300,200,-100.0,449,0,449.0,90,True,2.0
M252 81mm,M821A2 81mm HE,5900,1,scout/bomber drone spotter,1,200,200,-100.0,362,0,362.0,90,True,2.0
M252 81mm,M821A2 81mm HE,5900,1,full gucci: player sensors/RF/EPLRS + drone,1,150,100,-100.0,236,0,236.0,90,True,2.0
M252 81mm,M821A2 81mm HE,5900,2,plain spotter,1,600,600,-100.0,755,0,755.0,90,True,2.0
M252 81mm,M821A2 81mm HE,5900,2,SOFLAM rangefinder,1,300,300,-100.0,511,0,511.0,90,True,2.0
M252 81mm,M821A2 81mm HE,5900,2,scout/bomber drone spotter,1,300,200,-100.0,404,0,404.0,90,True,2.0
M252 81mm,M821A2 81mm HE,5900,2,full gucci: player sensors/RF/EPLRS + drone,1,150,100,-100.0,251,0,251.0,90,True,2.0
M252 81mm,M821A2 81mm HE,5900,2,plain spotter,1,600,300,-100.0,647,0,647.0,90,True,2.0
M252 81mm,M821A2 81mm HE,5900,2,SOFLAM rangefinder,1,300,200,-100.0,449,0,449.0,90,True,2.0
M252 81mm,M821A2 81mm HE,5900,2,scout/bomber drone spotter,1,200,200,-100.0,362,0,362.0,90,True,2.0
M252 81mm,M821A2 81mm HE,5900,2,full gucci: player sensors/RF/EPLRS + drone,1,150,100,-100.0,236,0,236.0,90,True,2.0
M252 81mm,M821A2 81mm HE,5900,2,plain spotter,1,600,600,-100.0,755,0,755.0,90,True,2.0
M252 81mm,M821A2 81mm HE,5900,2,SOFLAM rangefinder,1,300,300,-100.0,511,0,511.0,90,True,2.0
M252 81mm,M821A2 81mm HE,5900,2,scout/bomber drone spotter,1,300,200,-100.0,404,0,404.0,90,True,2.0
M252 81mm,M821A2 81mm HE,5900,2,full gucci: player sensors/RF/EPLRS + drone,1,150,100,-100.0,251,0,251.0,90,True,2.0
M252 81mm,M821A2 81mm HE,5900,2,plain spotter,1,600,300,-100.0,647,0,647.0,90,True,2.0
M252 81mm,M821A2 81mm HE,5900,2,SOFLAM rangefinder,1,300,200,-100.0,449,0,449.0,90,True,2.0
M252 81mm,M821A2 81mm HE,5900,2,scout/bomber drone spotter,1,200,200,-100.0,362,0,362.0,90,True,2.0
M252 81mm,M821A2 81mm HE,5900,2,full gucci: player sensors/RF/EPLRS + drone,1,150,100,-100.0,236,0,236.0,90,True,2.0
M252 81mm,M821A2 81mm HE,5900,2,plain spotter,1,600,600,-100.0,755,0,755.0,90,True,2.0
M252 81mm,M821A2 81mm HE,5900,2,SOFLAM rangefinder,1,300,300,-100.0,511,0,511.0,90,True,2.0
M252 81mm,M821A2 81mm HE,5900,2,scout/bomber drone spotter,1,300,200,-100.0,404,0,404.0,90,True,2.0
M252 81mm,M821A2 81mm HE,5900,2,full gucci: player sensors/RF/EPLRS + drone,1,150,100,-100.0,251,0,251.0,90,True,2.0
M252 81mm,M821A2 81mm HE,5900,2,plain spotter,1,600,300,-100.0,647,0,647.0,90,True,2.0
M252 81mm,M821A2 81mm HE,5900,2,SOFLAM rangefinder,1,300,200,-100.0,449,0,449.0,90,True,2.0
M252 81mm,M821A2 81mm HE,5900,2,scout/bomber drone spotter,1,200,200,-100.0,362,0,362.0,90,True,2.0
M252 81mm,M821A2 81mm HE,5900,2,full gucci: player sensors/RF/EPLRS + drone,1,150,100,-100.0,236,0,236.0,90,True,2.0
M252 81mm,OKSI M821A2 81mm HE,500,0,plain spotter,1,300,300,-100.0,427,0,427.0,90,True,2.0
M252 81mm,OKSI M821A2 81mm HE,500,0,SOFLAM rangefinder,1,70,100,-100.0,77,0,77.0,90,True,1.5
M252 81mm,OKSI M821A2 81mm HE,500,0,scout/bomber drone spotter,1,150,150,-100.0,255,0,255.0,90,True,2.0
M252 81mm,OKSI M821A2 81mm HE,500,0,full gucci: player sensors/RF/EPLRS + drone,1,10,10,-100.0,9,0,9.0,90,False,1.0
M252 81mm,OKSI M821A2 81mm HE,500,0,plain spotter,1,200,200,-100.0,347,0,347.0,90,True,2.0
M252 81mm,OKSI M821A2 81mm HE,500,0,SOFLAM rangefinder,1,50,70,-100.0,40,0,40.0,90,False,1.0
M252 81mm,OKSI M821A2 81mm HE,500,0,scout/bomber drone spotter,1,150,100,-100.0,206,0,206.0,90,True,2.0
M252 81mm,OKSI M821A2 81mm HE,500,0,full gucci: player sensors/RF/EPLRS + drone,1,10,10,-100.0,9,0,9.0,90,False,1.0
M252 81mm,OKSI M821A2 81mm HE,500,1,plain spotter,1,300,300,-100.0,423,0,423.0,90,True,2.0
M252 81mm,OKSI M821A2 81mm HE,500,1,SOFLAM rangefinder,1,50,100,-100.0,49,0,49.0,90,False,1.0
M252 81mm,OKSI M821A2 81mm HE,500,1,scout/bomber drone spotter,1,150,150,-100.0,250,0,250.0,90,True,2.0
M252 81mm,OKSI M821A2 81mm HE,500,1,full gucci: player sensors/RF/EPLRS + drone,1,10,10,-100.0,9,0,9.0,90,False,1.0
M252 81mm,OKSI M821A2 81mm HE,500,1,plain spotter,1,200,200,-100.0,343,0,343.0,90,True,2.0
M252 81mm,OKSI M821A2 81mm HE,500,1,SOFLAM rangefinder,1,40,70,-100.0,38,0,38.0,90,False,1.0
M252 81mm,OKSI M821A2 81mm HE,500,1,scout/bomber drone spotter,1,150,100,-100.0,201,0,201.0,90,True,2.0
M252 81mm,OKSI M821A2 81mm HE,500,1,full gucci: player sensors/RF/EPLRS + drone,1,10,10,-100.0,9,0,9.0,90,False,1.0
M252 81mm,OKSI M821A2 81mm HE,500,1,plain spotter,1,300,300,-100.0,421,0,421.0,90,True,2.0
M252 81mm,OKSI M821A2 81mm HE,500,1,SOFLAM rangefinder,1,50,100,-100.0,48,0,48.0,90,False,1.0
M252 81mm,OKSI M821A2 81mm HE,500,1,scout/bomber drone spotter,1,150,150,-100.0,249,0,249.0,90,True,2.0
M252 81mm,OKSI M821A2 81mm HE,500,1,full gucci: player sensors/RF/EPLRS + drone,1,10,10,-100.0,9,0,9.0,90,False,1.0
M252 81mm,OKSI M821A2 81mm HE,500,1,plain spotter,1,200,200,-100.0,341,0,341.0,90,True,2.0
M252 81mm,OKSI M821A2 81mm HE,500,1,SOFLAM rangefinder,1,40,70,-100.0,38,0,38.0,90,False,1.0
M252 81mm,OKSI M821A2 81mm HE,500,1,scout/bomber drone spotter,1,100,100,-100.0,150,0,150.0,90,True,1.5
M252 81mm,OKSI M821A2 81mm HE,500,1,full gucci: player sensors/RF/EPLRS + drone,1,10,10,-100.0,9,0,9.0,90,False,1.0
M252 81mm,OKSI M821A2 81mm HE,500,1,plain spotter,1,300,300,-100.0,421,0,421.0,90,True,2.0
M252 81mm,OKSI M821A2 81mm HE,500,1,SOFLAM rangefinder,1,50,100,-100.0,48,0,48.0,90,False,1.0
M252 81mm,OKSI M821A2 81mm HE,500,1,scout/bomber drone spotter,1,150,150,-100.0,249,0,249.0,90,True,2.0
M252 81mm,OKSI M821A2 81mm HE,500,1,full gucci: player sensors/RF/EPLRS + drone,1,10,10,-100.0,9,0,9.0,90,False,1.0
M252 81mm,OKSI M821A2 81mm HE,500,1,plain spotter,1,200,200,-100.0,341,0,341.0,90,True,2.0
M252 81mm,OKSI M821A2 81mm HE,500,1,SOFLAM rangefinder,1,40,70,-100.0,38,0,38.0,90,False,1.0
M252 81mm,OKSI M821A2 81mm HE,500,1,scout/bomber drone spotter,1,100,100,-100.0,150,0,150.0,90,True,1.5
M252 81mm,OKSI M821A2 81mm HE,500,1,full gucci: player sensors/RF/EPLRS + drone,1,10,10,-100.0,9,0,9.0,90,False,1.0
M252 81mm,OKSI M821A2 81mm HE,500,2,plain spotter,1,300,300,-100.0,421,0,421.0,90,True,2.0
M252 81mm,OKSI M821A2 81mm HE,500,2,SOFLAM rangefinder,1,50,100,-100.0,48,0,48.0,90,False,1.0
M252 81mm,OKSI M821A2 81mm HE,500,2,scout/bomber drone spotter,1,150,150,-100.0,248,0,248.0,90,True,2.0
M252 81mm,OKSI M821A2 81mm HE,500,2,full gucci: player sensors/RF/EPLRS + drone,1,10,10,-100.0,9,0,9.0,90,False,1.0
M252 81mm,OKSI M821A2 81mm HE,500,2,plain spotter,1,200,200,-100.0,341,0,341.0,90,True,2.0
M252 81mm,OKSI M821A2 81mm HE,500,2,SOFLAM rangefinder,1,40,70,-100.0,38,0,38.0,90,False,1.0
M252 81mm,OKSI M821A2 81mm HE,500,2,scout/bomber drone spotter,1,100,100,-100.0,150,0,150.0,90,True,1.5
M252 81mm,OKSI M821A2 81mm HE,500,2,full gucci: player sensors/RF/EPLRS + drone,1,10,10,-100.0,9,0,9.0,90,False,1.0
M252 81mm,OKSI M821A2 81mm HE,500,2,plain spotter,1,300,300,-100.0,417,0,417.0,90,True,2.0
M252 81mm,OKSI M821A2 81mm HE,500,2,SOFLAM rangefinder,1,50,100,-100.0,46,0,46.0,90,False,1.0
M252 81mm,OKSI M821A2 81mm HE,500,2,scout/bomber drone spotter,1,150,150,-100.0,245,0,245.0,90,True,2.0
M252 81mm,OKSI M821A2 81mm HE,500,2,full gucci: player sensors/RF/EPLRS + drone,1,10,10,-100.0,9,0,9.0,90,False,1.0
M252 81mm,OKSI M821A2 81mm HE,500,2,plain spotter,1,200,200,-100.0,338,0,338.0,90,True,2.0
M252 81mm,OKSI M821A2 81mm HE,500,2,SOFLAM rangefinder,1,40,70,-100.0,38,0,38.0,90,False,1.0
M252 81mm,OKSI M821A2 81mm HE,500,2,scout/bomber drone spotter,1,100,100,-100.0,150,0,150.0,90,True,1.5
M252 81mm,OKSI M821A2 81mm HE,500,2,full gucci: player sensors/RF/EPLRS + drone,1,10,10,-100.0,9,0,9.0,90,False,1.0
M252 81mm,OKSI M821A2 81mm HE,500,2,plain spotter,1,300,300,-100.0,417,0,417.0,90,True,2.0
M252 81mm,OKSI M821A2 81mm HE,500,2,SOFLAM rangefinder,1,50,100,-100.0,46,0,46.0,90,False,1.0
M252 81mm,OKSI M821A2 81mm HE,500,2,scout/bomber drone spotter,1,150,150,-100.0,245,0,245.0,90,True,2.0
M252 81mm,OKSI M821A2 81mm HE,500,2,full gucci: player sensors/RF/EPLRS + drone,1,10,10,-100.0,9,0,9.0,90,False,1.0
M252 81mm,OKSI M821A2 81mm HE,500,2,plain spotter,1,200,200,-100.0,338,0,338.0,90,True,2.0
M252 81mm,OKSI M821A2 81mm HE,500,2,SOFLAM rangefinder,1,40,70,-100.0,38,0,38.0,90,False,1.0
M252 81mm,OKSI M821A2 81mm HE,500,2,scout/bomber drone spotter,1,100,100,-100.0,150,0,150.0,90,True,1.5
M252 81mm,OKSI M821A2 81mm HE,500,2,full gucci: player sensors/RF/EPLRS + drone,1,10,10,-100.0,9,0,9.0,90,False,1.0
M252 81mm,OKSI M821A2 81mm HE,500,0,plain spotter,1,300,300,-100.0,409,0,409.0,90,True,2.0
M252 81mm,OKSI M821A2 81mm HE,500,0,SOFLAM rangefinder,1,50,100,-100.0,46,0,46.0,90,False,1.0
M252 81mm,OKSI M821A2 81mm HE,500,0,scout/bomber drone spotter,1,150,150,-100.0,242,0,242.0,90,True,2.0
M252 81mm,OKSI M821A2 81mm HE,500,0,full gucci: player sensors/RF/EPLRS + drone,1,10,10,-100.0,9,0,9.0,90,False,1.0
M252 81mm,OKSI M821A2 81mm HE,500,0,plain spotter,1,200,200,-100.0,331,0,331.0,90,True,2.0
M252 81mm,OKSI M821A2 81mm HE,500,0,SOFLAM rangefinder,1,40,70,-100.0,38,0,38.0,90,False,1.0
M252 81mm,OKSI M821A2 81mm HE,500,0,scout/bomber drone spotter,1,100,100,-100.0,150,0,150.0,90,True,1.5
M252 81mm,OKSI M821A2 81mm HE,500,0,full gucci: player sensors/RF/EPLRS + drone,1,10,10,-100.0,9,0,9.0,90,False,1.0
M252 81mm,OKSI M821A2 81mm HE,500,1,plain spotter,1,300,300,-100.0,408,0,408.0,90,True,2.0
M252 81mm,OKSI M821A2 81mm HE,500,1,SOFLAM rangefinder,1,50,100,-100.0,46,0,46.0,90,False,1.0
M252 81mm,OKSI M821A2 81mm HE,500,1,scout/bomber drone spotter,1,150,150,-100.0,242,0,242.0,90,True,2.0
M252 81mm,OKSI M821A2 81mm HE,500,1,full gucci: player sensors/RF/EPLRS + drone,1,10,10,-100.0,9,0,9.0,90,False,1.0
M252 81mm,OKSI M821A2 81mm HE,500,1,plain spotter,1,200,200,-100.0,331,0,331.0,90,True,2.0
M252 81mm,OKSI M821A2 81mm HE,500,1,SOFLAM rangefinder,1,40,70,-100.0,38,0,38.0,90,False,1.0
M252 81mm,OKSI M821A2 81mm HE,500,1,scout/bomber drone spotter,1,100,100,-100.0,150,0,150.0,90,True,1.5
M252 81mm,OKSI M821A2 81mm HE,500,1,full gucci: player sensors/RF/EPLRS + drone,1,10,10,-100.0,9,0,9.0,90,False,1.0
M252 81mm,OKSI M821A2 81mm HE,500,1,plain spotter,1,300,300,-100.0,407,0,407.0,90,True,2.0
M252 81mm,OKSI M821A2 81mm HE,500,1,SOFLAM rangefinder,1,50,100,-100.0,46,0,46.0,90,False,1.0
M252 81mm,OKSI M821A2 81mm HE,500,1,scout/bomber drone spotter,1,150,150,-100.0,242,0,242.0,90,True,2.0
M252 81mm,OKSI M821A2 81mm HE,500,1,full gucci: player sensors/RF/EPLRS + drone,1,10,10,-100.0,9,0,9.0,90,False,1.0
M252 81mm,OKSI M821A2 81mm HE,500,1,plain spotter,1,200,200,-100.0,331,0,331.0,90,True,2.0
M252 81mm,OKSI M821A2 81mm HE,500,1,SOFLAM rangefinder,1,40,70,-100.0,38,0,38.0,90,False,1.0
M252 81mm,OKSI M821A2 81mm HE,500,1,scout/bomber drone spotter,1,100,100,-100.0,150,0,150.0,90,True,1.5
M252 81mm,OKSI M821A2 81mm HE,500,1,full gucci: player sensors/RF/EPLRS + drone,1,10,10,-100.0,9,0,9.0,90,False,1.0
M252 81mm,OKSI M821A2 81mm HE,500,1,plain spotter,1,300,300,-100.0,407,0,407.0,90,True,2.0
M252 81mm,OKSI M821A2 81mm HE,500,1,SOFLAM rangefinder,1,50,100,-100.0,46,0,46.0,90,False,1.0
M252 81mm,OKSI M821A2 81mm HE,500,1,scout/bomber drone spotter,1,150,150,-100.0,242,0,242.0,90,True,2.0
M252 81mm,OKSI M821A2 81mm HE,500,1,full gucci: player sensors/RF/EPLRS + drone,1,10,10,-100.0,9,0,9.0,90,False,1.0
M252 81mm,OKSI M821A2 81mm HE,500,1,plain spotter,1,200,200,-100.0,331,0,331.0,90,True,2.0
M252 81mm,OKSI M821A2 81mm HE,500,1,SOFLAM rangefinder,1,40,70,-100.0,38,0,38.0,90,False,1.0
M252 81mm,OKSI M821A2 81mm HE,500,1,scout/bomber drone spotter,1,100,100,-100.0,150,0,150.0,90,True,1.5
M252 81mm,OKSI M821A2 81mm HE,500,1,full gucci: player sensors/RF/EPLRS + drone,1,10,10,-100.0,9,0,9.0,90,False,1.0
M252 81mm,OKSI M821A2 81mm HE,500,2,plain spotter,1,300,300,-100.0,407,0,407.0,90,True,2.0
M252 81mm,OKSI M821A2 81mm HE,500,2,SOFLAM rangefinder,1,50,100,-100.0,46,0,46.0,90,False,1.0
M252 81mm,OKSI M821A2 81mm HE,500,2,scout/bomber drone spotter,1,150,150,-100.0,242,0,242.0,90,True,2.0
M252 81mm,OKSI M821A2 81mm HE,500,2,full gucci: player sensors/RF/EPLRS + drone,1,10,10,-100.0,9,0,9.0,90,False,1.0
M252 81mm,OKSI M821A2 81mm HE,500,2,plain spotter,1,200,200,-100.0,331,0,331.0,90,True,2.0
M252 81mm,OKSI M821A2 81mm HE,500,2,SOFLAM rangefinder,1,40,70,-100.0,38,0,38.0,90,False,1.0
M252 81mm,OKSI M821A2 81mm HE,500,2,scout/bomber drone spotter,1,100,100,-100.0,150,0,150.0,90,True,1.5
M252 81mm,OKSI M821A2 81mm HE,500,2,full gucci: player sensors/RF/EPLRS + drone,1,10,10,-100.0,9,0,9.0,90,False,1.0
M252 81mm,OKSI M821A2 81mm HE,500,2,plain spotter,1,300,300,-100.0,407,0,407.0,90,True,2.0
M252 81mm,OKSI M821A2 81mm HE,500,2,SOFLAM rangefinder,1,50,100,-100.0,46,0,46.0,90,False,1.0
M252 81mm,OKSI M821A2 81mm HE,500,2,scout/bomber drone spotter,1,150,150,-100.0,242,0,242.0,90,True,2.0
M252 81mm,OKSI M821A2 81mm HE,500,2,full gucci: player sensors/RF/EPLRS + drone,1,10,10,-100.0,9,0,9.0,90,False,1.0
M252 81mm,OKSI M821A2 81mm HE,500,2,plain spotter,1,200,200,-100.0,331,0,331.0,90,True,2.0
M252 81mm,OKSI M821A2 81mm HE,500,2,SOFLAM rangefinder,1,40,70,-100.0,38,0,38.0,90,False,1.0
M252 81mm,OKSI M821A2 81mm HE,500,2,scout/bomber drone spotter,1,100,100,-100.0,150,0,150.0,90,True,1.5
M252 81mm,OKSI M821A2 81mm HE,500,2,full gucci: player sensors/RF/EPLRS + drone,1,10,10,-100.0,9,0,9.0,90,False,1.0
M252 81mm,OKSI M821A2 81mm HE,500,2,plain spotter,1,300,300,-100.0,407,0,407.0,90,True,2.0
M252 81mm,OKSI M821A2 81mm HE,500,2,SOFLAM rangefinder,1,50,100,-100.0,46,0,46.0,90,False,1.0
M252 81mm,OKSI M821A2 81mm HE,500,2,scout/bomber drone spotter,1,150,150,-100.0,242,0,242.0,90,True,2.0
M252 81mm,OKSI M821A2 81mm HE,500,2,full gucci: player sensors/RF/EPLRS + drone,1,10,10,-100.0,9,0,9.0,90,False,1.0
M252 81mm,OKSI M821A2 81mm HE,500,2,plain spotter,1,200,200,-100.0,331,0,331.0,90,True,2.0
M252 81mm,OKSI M821A2 81mm HE,500,2,SOFLAM rangefinder,1,40,70,-100.0,38,0,38.0,90,False,1.0
M252 81mm,OKSI M821A2 81mm HE,500,2,scout/bomber drone spotter,1,100,100,-100.0,150,0,150.0,90,True,1.5
M252 81mm,OKSI M821A2 81mm HE,500,2,full gucci: player sensors/RF/EPLRS + drone,1,10,10,-100.0,9,0,9.0,90,False,1.0
M252 81mm,OKSI M821A2 81mm HE,500,0,plain spotter,1,300,300,-100.0,407,0,407.0,90,True,2.0
M252 81mm,OKSI M821A2 81mm HE,500,0,SOFLAM rangefinder,1,50,100,-100.0,46,0,46.0,90,False,1.0
M252 81mm,OKSI M821A2 81mm HE,500,0,scout/bomber drone spotter,1,150,150,-100.0,242,0,242.0,90,True,2.0
M252 81mm,OKSI M821A2 81mm HE,500,0,full gucci: player sensors/RF/EPLRS + drone,1,10,10,-100.0,9,0,9.0,90,False,1.0
M252 81mm,OKSI M821A2 81mm HE,500,0,plain spotter,1,200,200,-100.0,331,0,331.0,90,True,2.0
M252 81mm,OKSI M821A2 81mm HE,500,0,SOFLAM rangefinder,1,40,70,-100.0,38,0,38.0,90,False,1.0
M252 81mm,OKSI M821A2 81mm HE,500,0,scout/bomber drone spotter,1,100,100,-100.0,150,0,150.0,90,True,1.5
M252 81mm,OKSI M821A2 81mm HE,500,0,full gucci: player sensors/RF/EPLRS + drone,1,10,10,-100.0,9,0,9.0,90,False,1.0
M252 81mm,OKSI M821A2 81mm HE,500,1,plain spotter,1,300,300,-100.0,407,0,407.0,90,True,2.0
M252 81mm,OKSI M821A2 81mm HE,500,1,SOFLAM rangefinder,1,50,100,-100.0,46,0,46.0,90,False,1.0
M252 81mm,OKSI M821A2 81mm HE,500,1,scout/bomber drone spotter,1,150,150,-100.0,242,0,242.0,90,True,2.0
M252 81mm,OKSI M821A2 81mm HE,500,1,full gucci: player sensors/RF/EPLRS + drone,1,10,10,-100.0,9,0,9.0,90,False,1.0
M252 81mm,OKSI M821A2 81mm HE,500,1,plain spotter,1,200,200,-100.0,331,0,331.0,90,True,2.0
M252 81mm,OKSI M821A2 81mm HE,500,1,SOFLAM rangefinder,1,40,70,-100.0,38,0,38.0,90,False,1.0
M252 81mm,OKSI M821A2 81mm HE,500,1,scout/bomber drone spotter,1,100,100,-100.0,150,0,150.0,90,True,1.5
M252 81mm,OKSI M821A2 81mm HE,500,1,full gucci: player sensors/RF/EPLRS + drone,1,10,10,-100.0,9,0,9.0,90,False,1.0
M252 81mm,OKSI M821A2 81mm HE,500,1,plain spotter,1,300,300,-100.0,407,0,407.0,90,True,2.0
M252 81mm,OKSI M821A2 81mm HE,500,1,SOFLAM rangefinder,1,50,100,-100.0,46,0,46.0,90,False,1.0
M252 81mm,OKSI M821A2 81mm HE,500,1,scout/bomber drone spotter,1,150,150,-100.0,242,0,242.0,90,True,2.0
M252 81mm,OKSI M821A2 81mm HE,500,1,full gucci: player sensors/RF/EPLRS + drone,1,10,10,-100.0,9,0,9.0,90,False,1.0
M252 81mm,OKSI M821A2 81mm HE,500,1,plain spotter,1,200,200,-100.0,331,0,331.0,90,True,2.0
M252 81mm,OKSI M821A2 81mm HE,500,1,SOFLAM rangefinder,1,40,70,-100.0,38,0,38.0,90,False,1.0
M252 81mm,OKSI M821A2 81mm HE,500,1,scout/bomber drone spotter,1,100,100,-100.0,150,0,150.0,90,True,1.5
M252 81mm,OKSI M821A2 81mm HE,500,1,full gucci: player sensors/RF/EPLRS + drone,1,10,10,-100.0,9,0,9.0,90,False,1.0
M252 81mm,OKSI M821A2 81mm HE,500,1,plain spotter,1,300,300,-100.0,407,0,407.0,90,True,2.0
M252 81mm,OKSI M821A2 81mm HE,500,1,SOFLAM rangefinder,1,50,100,-100.0,46,0,46.0,90,False,1.0
M252 81mm,OKSI M821A2 81mm HE,500,1,scout/bomber drone spotter,1,150,150,-100.0,242,0,242.0,90,True,2.0
M252 81mm,OKSI M821A2 81mm HE,500,1,full gucci: player sensors/RF/EPLRS + drone,1,10,10,-100.0,9,0,9.0,90,False,1.0
M252 81mm,OKSI M821A2 81mm HE,500,1,plain spotter,1,200,200,-100.0,331,0,331.0,90,True,2.0
M252 81mm,OKSI M821A2 81mm HE,500,1,SOFLAM rangefinder,1,40,70,-100.0,38,0,38.0,90,False,1.0
M252 81mm,OKSI M821A2 81mm HE,500,1,scout/bomber drone spotter,1,100,100,-100.0,150,0,150.0,90,True,1.5
M252 81mm,OKSI M821A2 81mm HE,500,1,full gucci: player sensors/RF/EPLRS + drone,1,10,10,-100.0,9,0,9.0,90,False,1.0
M252 81mm,OKSI M821A2 81mm HE,500,2,plain spotter,1,300,300,-100.0,407,0,407.0,90,True,2.0
M252 81mm,OKSI M821A2 81mm HE,500,2,SOFLAM rangefinder,1,50,100,-100.0,46,0,46.0,90,False,1.0
M252 81mm,OKSI M821A2 81mm HE,500,2,scout/bomber drone spotter,1,150,150,-100.0,242,0,242.0,90,True,2.0
M252 81mm,OKSI M821A2 81mm HE,500,2,full gucci: player sensors/RF/EPLRS + drone,1,10,10,-100.0,9,0,9.0,90,False,1.0
M252 81mm,OKSI M821A2 81mm HE,500,2,plain spotter,1,200,200,-100.0,331,0,331.0,90,True,2.0
M252 81mm,OKSI M821A2 81mm HE,500,2,SOFLAM rangefinder,1,40,70,-100.0,38,0,38.0,90,False,1.0
M252 81mm,OKSI M821A2 81mm HE,500,2,scout/bomber drone spotter,1,100,100,-100.0,150,0,150.0,90,True,1.5
M252 81mm,OKSI M821A2 81mm HE,500,2,full gucci: player sensors/RF/EPLRS + drone,1,10,10,-100.0,9,0,9.0,90,False,1.0
M252 81mm,OKSI M821A2 81mm HE,500,2,plain spotter,1,300,300,-100.0,407,0,407.0,90,True,2.0
M252 81mm,OKSI M821A2 81mm HE,500,2,SOFLAM rangefinder,1,50,100,-100.0,46,0,46.0,90,False,1.0
M252 81mm,OKSI M821A2 81mm HE,500,2,scout/bomber drone spotter,1,150,150,-100.0,242,0,242.0,90,True,2.0
M252 81mm,OKSI M821A2 81mm HE,500,2,full gucci: player sensors/RF/EPLRS + drone,1,10,10,-100.0,9,0,9.0,90,False,1.0
M252 81mm,OKSI M821A2 81mm HE,500,2,plain spotter,1,200,200,-100.0,331,0,331.0,90,True,2.0
M252 81mm,OKSI M821A2 81mm HE,500,2,SOFLAM rangefinder,1,40,70,-100.0,38,0,38.0,90,False,1.0
M252 81mm,OKSI M821A2 81mm HE,500,2,scout/bomber drone spotter,1,100,100,-100.0,150,0,150.0,90,True,1.5
M252 81mm,OKSI M821A2 81mm HE,500,2,full gucci: player sensors/RF/EPLRS + drone,1,10,10,-100.0,9,0,9.0,90,False,1.0
M252 81mm,OKSI M821A2 81mm HE,500,2,plain spotter,1,300,300,-100.0,407,0,407.0,90,True,2.0
M252 81mm,OKSI M821A2 81mm HE,500,2,SOFLAM rangefinder,1,50,100,-100.0,46,0,46.0,90,False,1.0
M252 81mm,OKSI M821A2 81mm HE,500,2,scout/bomber drone spotter,1,150,150,-100.0,242,0,242.0,90,True,2.0
M252 81mm,OKSI M821A2 81mm HE,500,2,full gucci: player sensors/RF/EPLRS + drone,1,10,10,-100.0,9,0,9.0,90,False,1.0
M252 81mm,OKSI M821A2 81mm HE,500,2,plain spotter,1,200,200,-100.0,331,0,331.0,90,True,2.0
M252 81mm,OKSI M821A2 81mm HE,500,2,SOFLAM rangefinder,1,40,70,-100.0,38,0,38.0,90,False,1.0
M252 81mm,OKSI M821A2 81mm HE,500,2,scout/bomber drone spotter,1,100,100,-100.0,150,0,150.0,90,True,1.5
M252 81mm,OKSI M821A2 81mm HE,500,2,full gucci: player sensors/RF/EPLRS + drone,1,10,10,-100.0,9,0,9.0,90,False,1.0
M252 81mm,OKSI M821A2 81mm HE,1000,0,plain spotter,1,300,300,-100.0,480,0,480.0,90,True,2.0
M252 81mm,OKSI M821A2 81mm HE,1000,0,SOFLAM rangefinder,1,70,100,-100.0,99,0,99.0,90,True,1.5
M252 81mm,OKSI M821A2 81mm HE,1000,0,scout/bomber drone spotter,1,150,150,-100.0,282,0,282.0,90,True,2.0
M252 81mm,OKSI M821A2 81mm HE,1000,0,full gucci: player sensors/RF/EPLRS + drone,1,20,15,-100.0,17,0,17.0,90,False,1.0
M252 81mm,OKSI M821A2 81mm HE,1000,0,plain spotter,1,200,200,-100.0,394,0,394.0,90,True,2.0
M252 81mm,OKSI M821A2 81mm HE,1000,0,SOFLAM rangefinder,1,70,100,-100.0,77,0,77.0,90,True,1.5
M252 81mm,OKSI M821A2 81mm HE,1000,0,scout/bomber drone spotter,1,150,150,-100.0,226,0,226.0,90,True,2.0
M252 81mm,OKSI M821A2 81mm HE,1000,0,full gucci: player sensors/RF/EPLRS + drone,1,20,15,-100.0,17,0,17.0,90,False,1.0
M252 81mm,OKSI M821A2 81mm HE,1000,1,plain spotter,1,300,300,-100.0,472,0,472.0,90,True,2.0
M252 81mm,OKSI M821A2 81mm HE,1000,1,SOFLAM rangefinder,1,70,100,-100.0,92,0,92.0,90,True,1.5
M252 81mm,OKSI M821A2 81mm HE,1000,1,scout/bomber drone spotter,1,150,150,-100.0,273,0,273.0,90,True,2.0
M252 81mm,OKSI M821A2 81mm HE,1000,1,full gucci: player sensors/RF/EPLRS + drone,1,20,15,-100.0,17,0,17.0,90,False,1.0
M252 81mm,OKSI M821A2 81mm HE,1000,1,plain spotter,1,200,200,-100.0,385,0,385.0,90,True,2.0
M252 81mm,OKSI M821A2 81mm HE,1000,1,SOFLAM rangefinder,1,50,100,-100.0,47,0,47.0,90,False,1.0
M252 81mm,OKSI M821A2 81mm HE,1000,1,scout/bomber drone spotter,1,150,150,-100.0,217,0,217.0,90,True,2.0
M252 81mm,OKSI M821A2 81mm HE,1000,1,full gucci: player sensors/RF/EPLRS + drone,1,20,15,-100.0,17,0,17.0,90,False,1.0
M252 81mm,OKSI M821A2 81mm HE,1000,1,plain spotter,1,300,300,-100.0,469,0,469.0,90,True,2.0
M252 81mm,OKSI M821A2 81mm HE,1000,1,SOFLAM rangefinder,1,70,100,-100.0,91,0,91.0,90,True,1.5
M252 81mm,OKSI M821A2 81mm HE,1000,1,scout/bomber drone spotter,1,150,150,-100.0,271,0,271.0,90,True,2.0
M252 81mm,OKSI M821A2 81mm HE,1000,1,full gucci: player sensors/RF/EPLRS + drone,1,20,15,-100.0,17,0,17.0,90,False,1.0
M252 81mm,OKSI M821A2 81mm HE,1000,1,plain spotter,1,200,200,-100.0,383,0,383.0,90,True,2.0
M252 81mm,OKSI M821A2 81mm HE,1000,1,SOFLAM rangefinder,1,50,100,-100.0,47,0,47.0,90,False,1.0
M252 81mm,OKSI M821A2 81mm HE,1000,1,scout/bomber drone spotter,1,150,150,-100.0,215,0,215.0,90,True,2.0
M252 81mm,OKSI M821A2 81mm HE,1000,1,full gucci: player sensors/RF/EPLRS + drone,1,20,15,-100.0,17,0,17.0,90,False,1.0
M252 81mm,OKSI M821A2 81mm HE,1000,1,plain spotter,1,300,300,-100.0,469,0,469.0,90,True,2.0
M252 81mm,OKSI M821A2 81mm HE,1000,1,SOFLAM rangefinder,1,70,100,-100.0,91,0,91.0,90,True,1.5
M252 81mm,OKSI M821A2 81mm HE,1000,1,scout/bomber drone spotter,1,150,150,-100.0,271,0,271.0,90,True,2.0
M252 81mm,OKSI M821A2 81mm HE,1000,1,full gucci: player sensors/RF/EPLRS + drone,1,20,15,-100.0,17,0,17.0,90,False,1.0
M252 81mm,OKSI M821A2 81mm HE,1000,1,plain spotter,1,200,200,-100.0,383,0,383.0,90,True,2.0
M252 81mm,OKSI M821A2 81mm HE,1000,1,SOFLAM rangefinder,1,50,100,-100.0,47,0,47.0,90,False,1.0
M252 81mm,OKSI M821A2 81mm HE,1000,1,scout/bomber drone spotter,1,150,150,-100.0,215,0,215.0,90,True,2.0
M252 81mm,OKSI M821A2 81mm HE,1000,1,full gucci: player sensors/RF/EPLRS + drone,1,20,15,-100.0,17,0,17.0,90,False,1.0
M252 81mm,OKSI M821A2 81mm HE,1000,2,plain spotter,1,300,300,-100.0,468,0,468.0,90,True,2.0
M252 81mm,OKSI M821A2 81mm HE,1000,2,SOFLAM rangefinder,1,70,100,-100.0,90,0,90.0,90,True,1.5
M252 81mm,OKSI M821A2 81mm HE,1000,2,scout/bomber drone spotter,1,150,150,-100.0,270,0,270.0,90,True,2.0
M252 81mm,OKSI M821A2 81mm HE,1000,2,full gucci: player sensors/RF/EPLRS + drone,1,20,15,-100.0,17,0,17.0,90,False,1.0
M252 81mm,OKSI M821A2 81mm HE,1000,2,plain spotter,1,200,200,-100.0,382,0,382.0,90,True,2.0
M252 81mm,OKSI M821A2 81mm HE,1000,2,SOFLAM rangefinder,1,50,100,-100.0,47,0,47.0,90,False,1.0
M252 81mm,OKSI M821A2 81mm HE,1000,2,scout/bomber drone spotter,1,150,150,-100.0,215,0,215.0,90,True,2.0
M252 81mm,OKSI M821A2 81mm HE,1000,2,full gucci: player sensors/RF/EPLRS + drone,1,20,15,-100.0,17,0,17.0,90,False,1.0
M252 81mm,OKSI M821A2 81mm HE,1000,2,plain spotter,1,300,300,-100.0,461,0,461.0,90,True,2.0
M252 81mm,OKSI M821A2 81mm HE,1000,2,SOFLAM rangefinder,1,70,100,-100.0,85,0,85.0,90,True,1.5
M252 81mm,OKSI M821A2 81mm HE,1000,2,scout/bomber drone spotter,1,150,150,-100.0,263,0,263.0,90,True,2.0
M252 81mm,OKSI M821A2 81mm HE,1000,2,full gucci: player sensors/RF/EPLRS + drone,1,20,15,-100.0,17,0,17.0,90,False,1.0
M252 81mm,OKSI M821A2 81mm HE,1000,2,plain spotter,1,200,200,-100.0,375,0,375.0,90,True,2.0
M252 81mm,OKSI M821A2 81mm HE,1000,2,SOFLAM rangefinder,1,50,100,-100.0,47,0,47.0,90,False,1.0
M252 81mm,OKSI M821A2 81mm HE,1000,2,scout/bomber drone spotter,1,150,150,-100.0,215,0,215.0,90,True,2.0
M252 81mm,OKSI M821A2 81mm HE,1000,2,full gucci: player sensors/RF/EPLRS + drone,1,20,15,-100.0,17,0,17.0,90,False,1.0
M252 81mm,OKSI M821A2 81mm HE,1000,2,plain spotter,1,300,300,-100.0,461,0,461.0,90,True,2.0
M252 81mm,OKSI M821A2 81mm HE,1000,2,SOFLAM rangefinder,1,70,100,-100.0,85,0,85.0,90,True,1.5
M252 81mm,OKSI M821A2 81mm HE,1000,2,scout/bomber drone spotter,1,150,150,-100.0,263,0,263.0,90,True,2.0
M252 81mm,OKSI M821A2 81mm HE,1000,2,full gucci: player sensors/RF/EPLRS + drone,1,20,15,-100.0,17,0,17.0,90,False,1.0
M252 81mm,OKSI M821A2 81mm HE,1000,2,plain spotter,1,200,200,-100.0,375,0,375.0,90,True,2.0
M252 81mm,OKSI M821A2 81mm HE,1000,2,SOFLAM rangefinder,1,50,100,-100.0,47,0,47.0,90,False,1.0
M252 81mm,OKSI M821A2 81mm HE,1000,2,scout/bomber drone spotter,1,150,150,-100.0,215,0,215.0,90,True,2.0
M252 81mm,OKSI M821A2 81mm HE,1000,2,full gucci: player sensors/RF/EPLRS + drone,1,20,15,-100.0,17,0,17.0,90,False,1.0
M252 81mm,OKSI M821A2 81mm HE,1000,0,plain spotter,1,300,300,-100.0,444,0,444.0,90,True,2.0
M252 81mm,OKSI M821A2 81mm HE,1000,0,SOFLAM rangefinder,1,70,100,-100.0,82,0,82.0,90,True,1.5
M252 81mm,OKSI M821A2 81mm HE,1000,0,scout/bomber drone spotter,1,150,150,-100.0,257,0,257.0,90,True,2.0
M252 81mm,OKSI M821A2 81mm HE,1000,0,full gucci: player sensors/RF/EPLRS + drone,1,20,15,-100.0,17,0,17.0,90,False,1.0
M252 81mm,OKSI M821A2 81mm HE,1000,0,plain spotter,1,200,200,-100.0,360,0,360.0,90,True,2.0
M252 81mm,OKSI M821A2 81mm HE,1000,0,SOFLAM rangefinder,1,50,100,-100.0,47,0,47.0,90,False,1.0
M252 81mm,OKSI M821A2 81mm HE,1000,0,scout/bomber drone spotter,1,150,150,-100.0,215,0,215.0,90,True,2.0
M252 81mm,OKSI M821A2 81mm HE,1000,0,full gucci: player sensors/RF/EPLRS + drone,1,20,15,-100.0,17,0,17.0,90,False,1.0
M252 81mm,OKSI M821A2 81mm HE,1000,1,plain spotter,1,300,300,-100.0,442,0,442.0,90,True,2.0
M252 81mm,OKSI M821A2 81mm HE,1000,1,SOFLAM rangefinder,1,70,100,-100.0,82,0,82.0,90,True,1.5
M252 81mm,OKSI M821A2 81mm HE,1000,1,scout/bomber drone spotter,1,150,150,-100.0,257,0,257.0,90,True,2.0
M252 81mm,OKSI M821A2 81mm HE,1000,1,full gucci: player sensors/RF/EPLRS + drone,1,20,15,-100.0,17,0,17.0,90,False,1.0
M252 81mm,OKSI M821A2 81mm HE,1000,1,plain spotter,1,200,200,-100.0,360,0,360.0,90,True,2.0
M252 81mm,OKSI M821A2 81mm HE,1000,1,SOFLAM rangefinder,1,50,100,-100.0,47,0,47.0,90,False,1.0
M252 81mm,OKSI M821A2 81mm HE,1000,1,scout/bomber drone spotter,1,150,150,-100.0,215,0,215.0,90,True,2.0
M252 81mm,OKSI M821A2 81mm HE,1000,1,full gucci: player sensors/RF/EPLRS + drone,1,20,15,-100.0,17,0,17.0,90,False,1.0
M252 81mm,OKSI M821A2 81mm HE,1000,1,plain spotter,1,300,300,-100.0,439,0,439.0,90,True,2.0
M252 81mm,OKSI M821A2 81mm HE,1000,1,SOFLAM rangefinder,1,70,100,-100.0,82,0,82.0,90,True,1.5
M252 81mm,OKSI M821A2 81mm HE,1000,1,scout/bomber drone spotter,1,150,150,-100.0,257,0,257.0,90,True,2.0
M252 81mm,OKSI M821A2 81mm HE,1000,1,full gucci: player sensors/RF/EPLRS + drone,1,20,15,-100.0,17,0,17.0,90,False,1.0
M252 81mm,OKSI M821A2 81mm HE,1000,1,plain spotter,1,200,200,-100.0,360,0,360.0,90,True,2.0
M252 81mm,OKSI M821A2 81mm HE,1000,1,SOFLAM rangefinder,1,50,100,-100.0,47,0,47.0,90,False,1.0
M252 81mm,OKSI M821A2 81mm HE,1000,1,scout/bomber drone spotter,1,150,150,-100.0,215,0,215.0,90,True,2.0
M252 81mm,OKSI M821A2 81mm HE,1000,1,full gucci: player sensors/RF/EPLRS + drone,1,20,15,-100.0,17,0,17.0,90,False,1.0
M252 81mm,OKSI M821A2 81mm HE,1000,1,plain spotter,1,300,300,-100.0,439,0,439.0,90,True,2.0
M252 81mm,OKSI M821A2 81mm HE,1000,1,SOFLAM rangefinder,1,70,100,-100.0,82,0,82.0,90,True,1.5
M252 81mm,OKSI M821A2 81mm HE,1000,1,scout/bomber drone spotter,1,150,150,-100.0,257,0,257.0,90,True,2.0
M252 81mm,OKSI M821A2 81mm HE,1000,1,full gucci: player sensors/RF/EPLRS + drone,1,20,15,-100.0,17,0,17.0,90,False,1.0
M252 81mm,OKSI M821A2 81mm HE,1000,1,plain spotter,1,200,200,-100.0,360,0,360.0,90,True,2.0
M252 81mm,OKSI M821A2 81mm HE,1000,1,SOFLAM rangefinder,1,50,100,-100.0,47,0,47.0,90,False,1.0
M252 81mm,OKSI M821A2 81mm HE,1000,1,scout/bomber drone spotter,1,150,150,-100.0,215,0,215.0,90,True,2.0
M252 81mm,OKSI M821A2 81mm HE,1000,1,full gucci: player sensors/RF/EPLRS + drone,1,20,15,-100.0,17,0,17.0,90,False,1.0
M252 81mm,OKSI M821A2 81mm HE,1000,2,plain spotter,1,300,300,-100.0,439,0,439.0,90,True,2.0
M252 81mm,OKSI M821A2 81mm HE,1000,2,SOFLAM rangefinder,1,70,100,-100.0,82,0,82.0,90,True,1.5
M252 81mm,OKSI M821A2 81mm HE,1000,2,scout/bomber drone spotter,1,150,150,-100.0,257,0,257.0,90,True,2.0
M252 81mm,OKSI M821A2 81mm HE,1000,2,full gucci: player sensors/RF/EPLRS + drone,1,20,15,-100.0,17,0,17.0,90,False,1.0
M252 81mm,OKSI M821A2 81mm HE,1000,2,plain spotter,1,200,200,-100.0,360,0,360.0,90,True,2.0
M252 81mm,OKSI M821A2 81mm HE,1000,2,SOFLAM rangefinder,1,50,100,-100.0,47,0,47.0,90,False,1.0
M252 81mm,OKSI M821A2 81mm HE,1000,2,scout/bomber drone spotter,1,150,150,-100.0,215,0,215.0,90,True,2.0
M252 81mm,OKSI M821A2 81mm HE,1000,2,full gucci: player sensors/RF/EPLRS + drone,1,20,15,-100.0,17,0,17.0,90,False,1.0
M252 81mm,OKSI M821A2 81mm HE,1000,2,plain spotter,1,300,300,-100.0,439,0,439.0,90,True,2.0
M252 81mm,OKSI M821A2 81mm HE,1000,2,SOFLAM rangefinder,1,70,100,-100.0,82,0,82.0,90,True,1.5
M252 81mm,OKSI M821A2 81mm HE,1000,2,scout/bomber drone spotter,1,150,150,-100.0,257,0,257.0,90,True,2.0
M252 81mm,OKSI M821A2 81mm HE,1000,2,full gucci: player sensors/RF/EPLRS + drone,1,20,15,-100.0,17,0,17.0,90,False,1.0
M252 81mm,OKSI M821A2 81mm HE,1000,2,plain spotter,1,200,200,-100.0,360,0,360.0,90,True,2.0
M252 81mm,OKSI M821A2 81mm HE,1000,2,SOFLAM rangefinder,1,50,100,-100.0,47,0,47.0,90,False,1.0
M252 81mm,OKSI M821A2 81mm HE,1000,2,scout/bomber drone spotter,1,150,150,-100.0,215,0,215.0,90,True,2.0
M252 81mm,OKSI M821A2 81mm HE,1000,2,full gucci: player sensors/RF/EPLRS + drone,1,20,15,-100.0,17,0,17.0,90,False,1.0
M252 81mm,OKSI M821A2 81mm HE,1000,2,plain spotter,1,300,300,-100.0,439,0,439.0,90,True,2.0
M252 81mm,OKSI M821A2 81mm HE,1000,2,SOFLAM rangefinder,1,70,100,-100.0,82,0,82.0,90,True,1.5
M252 81mm,OKSI M821A2 81mm HE,1000,2,scout/bomber drone spotter,1,150,150,-100.0,257,0,257.0,90,True,2.0
M252 81mm,OKSI M821A2 81mm HE,1000,2,full gucci: player sensors/RF/EPLRS + drone,1,20,15,-100.0,17,0,17.0,90,False,1.0
M252 81mm,OKSI M821A2 81mm HE,1000,2,plain spotter,1,200,200,-100.0,360,0,360.0,90,True,2.0
M252 81mm,OKSI M821A2 81mm HE,1000,2,SOFLAM rangefinder,1,50,100,-100.0,47,0,47.0,90,False,1.0
M252 81mm,OKSI M821A2 81mm HE,1000,2,scout/bomber drone spotter,1,150,150,-100.0,215,0,215.0,90,True,2.0
M252 81mm,OKSI M821A2 81mm HE,1000,2,full gucci: player sensors/RF/EPLRS + drone,1,20,15,-100.0,17,0,17.0,90,False,1.0
M252 81mm,OKSI M821A2 81mm HE,1000,0,plain spotter,1,300,300,-100.0,439,0,439.0,90,True,2.0
M252 81mm,OKSI M821A2 81mm HE,1000,0,SOFLAM rangefinder,1,70,100,-100.0,82,0,82.0,90,True,1.5
M252 81mm,OKSI M821A2 81mm HE,1000,0,scout/bomber drone spotter,1,150,150,-100.0,257,0,257.0,90,True,2.0
M252 81mm,OKSI M821A2 81mm HE,1000,0,full gucci: player sensors/RF/EPLRS + drone,1,20,15,-100.0,17,0,17.0,90,False,1.0
M252 81mm,OKSI M821A2 81mm HE,1000,0,plain spotter,1,200,200,-100.0,360,0,360.0,90,True,2.0
M252 81mm,OKSI M821A2 81mm HE,1000,0,SOFLAM rangefinder,1,50,100,-100.0,47,0,47.0,90,False,1.0
M252 81mm,OKSI M821A2 81mm HE,1000,0,scout/bomber drone spotter,1,150,150,-100.0,215,0,215.0,90,True,2.0
M252 81mm,OKSI M821A2 81mm HE,1000,0,full gucci: player sensors/RF/EPLRS + drone,1,20,15,-100.0,17,0,17.0,90,False,1.0
M252 81mm,OKSI M821A2 81mm HE,1000,1,plain spotter,1,300,300,-100.0,439,0,439.0,90,True,2.0
M252 81mm,OKSI M821A2 81mm HE,1000,1,SOFLAM rangefinder,1,70,100,-100.0,82,0,82.0,90,True,1.5
M252 81mm,OKSI M821A2 81mm HE,1000,1,scout/bomber drone spotter,1,150,150,-100.0,257,0,257.0,90,True,2.0
M252 81mm,OKSI M821A2 81mm HE,1000,1,full gucci: player sensors/RF/EPLRS + drone,1,20,15,-100.0,17,0,17.0,90,False,1.0
M252 81mm,OKSI M821A2 81mm HE,1000,1,plain spotter,1,200,200,-100.0,360,0,360.0,90,True,2.0
M252 81mm,OKSI M821A2 81mm HE,1000,1,SOFLAM rangefinder,1,50,100,-100.0,47,0,47.0,90,False,1.0
M252 81mm,OKSI M821A2 81mm HE,1000,1,scout/bomber drone spotter,1,150,150,-100.0,215,0,215.0,90,True,2.0
M252 81mm,OKSI M821A2 81mm HE,1000,1,full gucci: player sensors/RF/EPLRS + drone,1,20,15,-100.0,17,0,17.0,90,False,1.0
M252 81mm,OKSI M821A2 81mm HE,1000,1,plain spotter,1,300,300,-100.0,439,0,439.0,90,True,2.0
M252 81mm,OKSI M821A2 81mm HE,1000,1,SOFLAM rangefinder,1,70,100,-100.0,82,0,82.0,90,True,1.5
M252 81mm,OKSI M821A2 81mm HE,1000,1,scout/bomber drone spotter,1,150,150,-100.0,257,0,257.0,90,True,2.0
M252 81mm,OKSI M821A2 81mm HE,1000,1,full gucci: player sensors/RF/EPLRS + drone,1,20,15,-100.0,17,0,17.0,90,False,1.0
M252 81mm,OKSI M821A2 81mm HE,1000,1,plain spotter,1,200,200,-100.0,360,0,360.0,90,True,2.0
M252 81mm,OKSI M821A2 81mm HE,1000,1,SOFLAM rangefinder,1,50,100,-100.0,47,0,47.0,90,False,1.0
M252 81mm,OKSI M821A2 81mm HE,1000,1,scout/bomber drone spotter,1,150,150,-100.0,215,0,215.0,90,True,2.0
M252 81mm,OKSI M821A2 81mm HE,1000,1,full gucci: player sensors/RF/EPLRS + drone,1,20,15,-100.0,17,0,17.0,90,False,1.0
M252 81mm,OKSI M821A2 81mm HE,1000,1,plain spotter,1,300,300,-100.0,439,0,439.0,90,True,2.0
M252 81mm,OKSI M821A2 81mm HE,1000,1,SOFLAM rangefinder,1,70,100,-100.0,82,0,82.0,90,True,1.5
M252 81mm,OKSI M821A2 81mm HE,1000,1,scout/bomber drone spotter,1,150,150,-100.0,257,0,257.0,90,True,2.0
M252 81mm,OKSI M821A2 81mm HE,1000,1,full gucci: player sensors/RF/EPLRS + drone,1,20,15,-100.0,17,0,17.0,90,False,1.0
M252 81mm,OKSI M821A2 81mm HE,1000,1,plain spotter,1,200,200,-100.0,360,0,360.0,90,True,2.0
M252 81mm,OKSI M821A2 81mm HE,1000,1,SOFLAM rangefinder,1,50,100,-100.0,47,0,47.0,90,False,1.0
M252 81mm,OKSI M821A2 81mm HE,1000,1,scout/bomber drone spotter,1,150,150,-100.0,215,0,215.0,90,True,2.0
M252 81mm,OKSI M821A2 81mm HE,1000,1,full gucci: player sensors/RF/EPLRS + drone,1,20,15,-100.0,17,0,17.0,90,False,1.0
M252 81mm,OKSI M821A2 81mm HE,1000,2,plain spotter,1,300,300,-100.0,439,0,439.0,90,True,2.0
M252 81mm,OKSI M821A2 81mm HE,1000,2,SOFLAM rangefinder,1,70,100,-100.0,82,0,82.0,90,True,1.5
M252 81mm,OKSI M821A2 81mm HE,1000,2,scout/bomber drone spotter,1,150,150,-100.0,257,0,257.0,90,True,2.0
M252 81mm,OKSI M821A2 81mm HE,1000,2,full gucci: player sensors/RF/EPLRS + drone,1,20,15,-100.0,17,0,17.0,90,False,1.0
M252 81mm,OKSI M821A2 81mm HE,1000,2,plain spotter,1,200,200,-100.0,360,0,360.0,90,True,2.0
M252 81mm,OKSI M821A2 81mm HE,1000,2,SOFLAM rangefinder,1,50,100,-100.0,47,0,47.0,90,False,1.0
M252 81mm,OKSI M821A2 81mm HE,1000,2,scout/bomber drone spotter,1,150,150,-100.0,215,0,215.0,90,True,2.0
M252 81mm,OKSI M821A2 81mm HE,1000,2,full gucci: player sensors/RF/EPLRS + drone,1,20,15,-100.0,17,0,17.0,90,False,1.0
M252 81mm,OKSI M821A2 81mm HE,1000,2,plain spotter,1,300,300,-100.0,439,0,439.0,90,True,2.0
M252 81mm,OKSI M821A2 81mm HE,1000,2,SOFLAM rangefinder,1,70,100,-100.0,82,0,82.0,90,True,1.5
M252 81mm,OKSI M821A2 81mm HE,1000,2,scout/bomber drone spotter,1,150,150,-100.0,257,0,257.0,90,True,2.0
M252 81mm,OKSI M821A2 81mm HE,1000,2,full gucci: player sensors/RF/EPLRS + drone,1,20,15,-100.0,17,0,17.0,90,False,1.0
M252 81mm,OKSI M821A2 81mm HE,1000,2,plain spotter,1,200,200,-100.0,360,0,360.0,90,True,2.0
M252 81mm,OKSI M821A2 81mm HE,1000,2,SOFLAM rangefinder,1,50,100,-100.0,47,0,47.0,90,False,1.0
M252 81mm,OKSI M821A2 81mm HE,1000,2,scout/bomber drone spotter,1,150,150,-100.0,215,0,215.0,90,True,2.0
M252 81mm,OKSI M821A2 81mm HE,1000,2,full gucci: player sensors/RF/EPLRS + drone,1,20,15,-100.0,17,0,17.0,90,False,1.0
M252 81mm,OKSI M821A2 81mm HE,1000,2,plain spotter,1,300,300,-100.0,439,0,439.0,90,True,2.0
M252 81mm,OKSI M821A2 81mm HE,1000,2,SOFLAM rangefinder,1,70,100,-100.0,82,0,82.0,90,True,1.5
M252 81mm,OKSI M821A2 81mm HE,1000,2,scout/bomber drone spotter,1,150,150,-100.0,257,0,257.0,90,True,2.0
M252 81mm,OKSI M821A2 81mm HE,1000,2,full gucci: player sensors/RF/EPLRS + drone,1,20,15,-100.0,17,0,17.0,90,False,1.0
M252 81mm,OKSI M821A2 81mm HE,1000,2,plain spotter,1,200,200,-100.0,360,0,360.0,90,True,2.0
M252 81mm,OKSI M821A2 81mm HE,1000,2,SOFLAM rangefinder,1,50,100,-100.0,47,0,47.0,90,False,1.0
M252 81mm,OKSI M821A2 81mm HE,1000,2,scout/bomber drone spotter,1,150,150,-100.0,215,0,215.0,90,True,2.0
M252 81mm,OKSI M821A2 81mm HE,1000,2,full gucci: player sensors/RF/EPLRS + drone,1,20,15,-100.0,17,0,17.0,90,False,1.0
M252 81mm,OKSI M821A2 81mm HE,3000,0,plain spotter,1,600,600,-100.0,705,0,705.0,90,True,2.0
M252 81mm,OKSI M821A2 81mm HE,3000,0,SOFLAM rangefinder,1,300,300,-100.0,481,0,481.0,90,True,2.0
M252 81mm,OKSI M821A2 81mm HE,3000,0,scout/bomber drone spotter,1,200,200,-100.0,391,0,391.0,90,True,2.0
M252 81mm,OKSI M821A2 81mm HE,3000,0,full gucci: player sensors/RF/EPLRS + drone,1,150,100,-100.0,243,0,243.0,90,True,2.0
M252 81mm,OKSI M821A2 81mm HE,3000,0,plain spotter,1,300,300,-100.0,597,0,597.0,90,True,2.0
M252 81mm,OKSI M821A2 81mm HE,3000,0,SOFLAM rangefinder,1,200,200,-100.0,398,0,398.0,90,True,2.0
M252 81mm,OKSI M821A2 81mm HE,3000,0,scout/bomber drone spotter,1,200,150,-100.0,310,0,310.0,90,True,2.0
M252 81mm,OKSI M821A2 81mm HE,3000,0,full gucci: player sensors/RF/EPLRS + drone,1,150,100,-100.0,203,0,203.0,90,True,2.0
M252 81mm,OKSI M821A2 81mm HE,3000,1,plain spotter,1,600,600,-100.0,683,0,683.0,90,True,2.0
M252 81mm,OKSI M821A2 81mm HE,3000,1,SOFLAM rangefinder,1,300,300,-100.0,456,0,456.0,90,True,2.0
M252 81mm,OKSI M821A2 81mm HE,3000,1,scout/bomber drone spotter,1,200,200,-100.0,364,0,364.0,90,True,2.0
M252 81mm,OKSI M821A2 81mm HE,3000,1,full gucci: player sensors/RF/EPLRS + drone,1,150,100,-100.0,218,0,218.0,90,True,2.0
M252 81mm,OKSI M821A2 81mm HE,3000,1,plain spotter,1,300,300,-100.0,573,0,573.0,90,True,2.0
M252 81mm,OKSI M821A2 81mm HE,3000,1,SOFLAM rangefinder,1,200,200,-100.0,371,0,371.0,90,True,2.0
M252 81mm,OKSI M821A2 81mm HE,3000,1,scout/bomber drone spotter,1,150,150,-100.0,281,0,281.0,90,True,2.0
M252 81mm,OKSI M821A2 81mm HE,3000,1,full gucci: player sensors/RF/EPLRS + drone,1,100,70,-100.0,132,0,132.0,90,True,1.5
M252 81mm,OKSI M821A2 81mm HE,3000,1,plain spotter,1,600,600,-100.0,673,0,673.0,90,True,2.0
M252 81mm,OKSI M821A2 81mm HE,3000,1,SOFLAM rangefinder,1,300,200,-100.0,448,0,448.0,90,True,2.0
M252 81mm,OKSI M821A2 81mm HE,3000,1,scout/bomber drone spotter,1,200,200,-100.0,357,0,357.0,90,True,2.0
M252 81mm,OKSI M821A2 81mm HE,3000,1,full gucci: player sensors/RF/EPLRS + drone,1,150,100,-100.0,210,0,210.0,90,True,2.0
M252 81mm,OKSI M821A2 81mm HE,3000,1,plain spotter,1,300,300,-100.0,564,0,564.0,90,True,2.0
M252 81mm,OKSI M821A2 81mm HE,3000,1,SOFLAM rangefinder,1,200,200,-100.0,365,0,365.0,90,True,2.0
M252 81mm,OKSI M821A2 81mm HE,3000,1,scout/bomber drone spotter,1,150,150,-100.0,276,0,276.0,90,True,2.0
M252 81mm,OKSI M821A2 81mm HE,3000,1,full gucci: player sensors/RF/EPLRS + drone,1,100,70,-100.0,127,0,127.0,90,True,1.5
M252 81mm,OKSI M821A2 81mm HE,3000,1,plain spotter,1,600,600,-100.0,673,0,673.0,90,True,2.0
M252 81mm,OKSI M821A2 81mm HE,3000,1,SOFLAM rangefinder,1,300,200,-100.0,448,0,448.0,90,True,2.0
M252 81mm,OKSI M821A2 81mm HE,3000,1,scout/bomber drone spotter,1,200,200,-100.0,357,0,357.0,90,True,2.0
M252 81mm,OKSI M821A2 81mm HE,3000,1,full gucci: player sensors/RF/EPLRS + drone,1,150,100,-100.0,210,0,210.0,90,True,2.0
M252 81mm,OKSI M821A2 81mm HE,3000,1,plain spotter,1,300,300,-100.0,564,0,564.0,90,True,2.0
M252 81mm,OKSI M821A2 81mm HE,3000,1,SOFLAM rangefinder,1,200,200,-100.0,365,0,365.0,90,True,2.0
M252 81mm,OKSI M821A2 81mm HE,3000,1,scout/bomber drone spotter,1,150,150,-100.0,276,0,276.0,90,True,2.0
M252 81mm,OKSI M821A2 81mm HE,3000,1,full gucci: player sensors/RF/EPLRS + drone,1,100,70,-100.0,127,0,127.0,90,True,1.5
M252 81mm,OKSI M821A2 81mm HE,3000,2,plain spotter,1,600,600,-100.0,669,0,669.0,90,True,2.0
M252 81mm,OKSI M821A2 81mm HE,3000,2,SOFLAM rangefinder,1,300,200,-100.0,445,0,445.0,90,True,2.0
M252 81mm,OKSI M821A2 81mm HE,3000,2,scout/bomber drone spotter,1,200,200,-100.0,355,0,355.0,90,True,2.0
M252 81mm,OKSI M821A2 81mm HE,3000,2,full gucci: player sensors/RF/EPLRS + drone,1,150,100,-100.0,206,0,206.0,90,True,2.0
M252 81mm,OKSI M821A2 81mm HE,3000,2,plain spotter,1,300,300,-100.0,561,0,561.0,90,True,2.0
M252 81mm,OKSI M821A2 81mm HE,3000,2,SOFLAM rangefinder,1,200,200,-100.0,362,0,362.0,90,True,2.0
M252 81mm,OKSI M821A2 81mm HE,3000,2,scout/bomber drone spotter,1,150,150,-100.0,275,0,275.0,90,True,2.0
M252 81mm,OKSI M821A2 81mm HE,3000,2,full gucci: player sensors/RF/EPLRS + drone,1,100,70,-100.0,125,0,125.0,90,True,1.5
M252 81mm,OKSI M821A2 81mm HE,3000,2,plain spotter,1,600,300,-100.0,649,0,649.0,90,True,2.0
M252 81mm,OKSI M821A2 81mm HE,3000,2,SOFLAM rangefinder,1,300,200,-100.0,425,0,425.0,90,True,2.0
M252 81mm,OKSI M821A2 81mm HE,3000,2,scout/bomber drone spotter,1,200,150,-100.0,336,0,336.0,90,True,2.0
M252 81mm,OKSI M821A2 81mm HE,3000,2,full gucci: player sensors/RF/EPLRS + drone,1,100,100,-100.0,140,0,140.0,90,True,1.5
M252 81mm,OKSI M821A2 81mm HE,3000,2,plain spotter,1,300,300,-100.0,541,0,541.0,90,True,2.0
M252 81mm,OKSI M821A2 81mm HE,3000,2,SOFLAM rangefinder,1,200,200,-100.0,343,0,343.0,90,True,2.0
M252 81mm,OKSI M821A2 81mm HE,3000,2,scout/bomber drone spotter,1,150,150,-100.0,275,0,275.0,90,True,2.0
M252 81mm,OKSI M821A2 81mm HE,3000,2,full gucci: player sensors/RF/EPLRS + drone,1,100,70,-100.0,111,0,111.0,90,True,1.5
M252 81mm,OKSI M821A2 81mm HE,3000,2,plain spotter,1,600,300,-100.0,649,0,649.0,90,True,2.0
M252 81mm,OKSI M821A2 81mm HE,3000,2,SOFLAM rangefinder,1,300,200,-100.0,425,0,425.0,90,True,2.0
M252 81mm,OKSI M821A2 81mm HE,3000,2,scout/bomber drone spotter,1,200,150,-100.0,336,0,336.0,90,True,2.0
M252 81mm,OKSI M821A2 81mm HE,3000,2,full gucci: player sensors/RF/EPLRS + drone,1,100,100,-100.0,140,0,140.0,90,True,1.5
M252 81mm,OKSI M821A2 81mm HE,3000,2,plain spotter,1,300,300,-100.0,541,0,541.0,90,True,2.0
M252 81mm,OKSI M821A2 81mm HE,3000,2,SOFLAM rangefinder,1,200,200,-100.0,343,0,343.0,90,True,2.0
M252 81mm,OKSI M821A2 81mm HE,3000,2,scout/bomber drone spotter,1,150,150,-100.0,275,0,275.0,90,True,2.0
M252 81mm,OKSI M821A2 81mm HE,3000,2,full gucci: player sensors/RF/EPLRS + drone,1,100,70,-100.0,111,0,111.0,90,True,1.5
M252 81mm,OKSI M821A2 81mm HE,3000,0,plain spotter,1,300,300,-100.0,594,0,594.0,90,True,2.0
M252 81mm,OKSI M821A2 81mm HE,3000,0,SOFLAM rangefinder,1,200,200,-100.0,379,0,379.0,90,True,2.0
M252 81mm,OKSI M821A2 81mm HE,3000,0,scout/bomber drone spotter,1,200,150,-100.0,317,0,317.0,90,True,2.0
M252 81mm,OKSI M821A2 81mm HE,3000,0,full gucci: player sensors/RF/EPLRS + drone,1,100,70,-100.0,106,0,106.0,90,True,1.5
M252 81mm,OKSI M821A2 81mm HE,3000,0,plain spotter,1,300,300,-100.0,489,0,489.0,90,True,2.0
M252 81mm,OKSI M821A2 81mm HE,3000,0,SOFLAM rangefinder,1,200,150,-100.0,325,0,325.0,90,True,2.0
M252 81mm,OKSI M821A2 81mm HE,3000,0,scout/bomber drone spotter,1,150,150,-100.0,275,0,275.0,90,True,2.0
M252 81mm,OKSI M821A2 81mm HE,3000,0,full gucci: player sensors/RF/EPLRS + drone,1,70,70,-100.0,98,0,98.0,90,True,1.5
M252 81mm,OKSI M821A2 81mm HE,3000,1,plain spotter,1,300,300,-100.0,586,0,586.0,90,True,2.0
M252 81mm,OKSI M821A2 81mm HE,3000,1,SOFLAM rangefinder,1,200,200,-100.0,379,0,379.0,90,True,2.0
M252 81mm,OKSI M821A2 81mm HE,3000,1,scout/bomber drone spotter,1,200,150,-100.0,317,0,317.0,90,True,2.0
M252 81mm,OKSI M821A2 81mm HE,3000,1,full gucci: player sensors/RF/EPLRS + drone,1,100,70,-100.0,106,0,106.0,90,True,1.5
M252 81mm,OKSI M821A2 81mm HE,3000,1,plain spotter,1,300,300,-100.0,482,0,482.0,90,True,2.0
M252 81mm,OKSI M821A2 81mm HE,3000,1,SOFLAM rangefinder,1,200,150,-100.0,325,0,325.0,90,True,2.0
M252 81mm,OKSI M821A2 81mm HE,3000,1,scout/bomber drone spotter,1,150,150,-100.0,275,0,275.0,90,True,2.0
M252 81mm,OKSI M821A2 81mm HE,3000,1,full gucci: player sensors/RF/EPLRS + drone,1,70,70,-100.0,98,0,98.0,90,True,1.5
M252 81mm,OKSI M821A2 81mm HE,3000,1,plain spotter,1,300,300,-100.0,568,0,568.0,90,True,2.0
M252 81mm,OKSI M821A2 81mm HE,3000,1,SOFLAM rangefinder,1,200,200,-100.0,379,0,379.0,90,True,2.0
M252 81mm,OKSI M821A2 81mm HE,3000,1,scout/bomber drone spotter,1,200,150,-100.0,317,0,317.0,90,True,2.0
M252 81mm,OKSI M821A2 81mm HE,3000,1,full gucci: player sensors/RF/EPLRS + drone,1,100,70,-100.0,106,0,106.0,90,True,1.5
M252 81mm,OKSI M821A2 81mm HE,3000,1,plain spotter,1,300,300,-100.0,477,0,477.0,90,True,2.0
M252 81mm,OKSI M821A2 81mm HE,3000,1,SOFLAM rangefinder,1,200,150,-100.0,325,0,325.0,90,True,2.0
M252 81mm,OKSI M821A2 81mm HE,3000,1,scout/bomber drone spotter,1,150,150,-100.0,275,0,275.0,90,True,2.0
M252 81mm,OKSI M821A2 81mm HE,3000,1,full gucci: player sensors/RF/EPLRS + drone,1,70,70,-100.0,98,0,98.0,90,True,1.5
M252 81mm,OKSI M821A2 81mm HE,3000,1,plain spotter,1,300,300,-100.0,568,0,568.0,90,True,2.0
M252 81mm,OKSI M821A2 81mm HE,3000,1,SOFLAM rangefinder,1,200,200,-100.0,379,0,379.0,90,True,2.0
M252 81mm,OKSI M821A2 81mm HE,3000,1,scout/bomber drone spotter,1,200,150,-100.0,317,0,317.0,90,True,2.0
M252 81mm,OKSI M821A2 81mm HE,3000,1,full gucci: player sensors/RF/EPLRS + drone,1,100,70,-100.0,106,0,106.0,90,True,1.5
M252 81mm,OKSI M821A2 81mm HE,3000,1,plain spotter,1,300,300,-100.0,477,0,477.0,90,True,2.0
M252 81mm,OKSI M821A2 81mm HE,3000,1,SOFLAM rangefinder,1,200,150,-100.0,325,0,325.0,90,True,2.0
M252 81mm,OKSI M821A2 81mm HE,3000,1,scout/bomber drone spotter,1,150,150,-100.0,275,0,275.0,90,True,2.0
M252 81mm,OKSI M821A2 81mm HE,3000,1,full gucci: player sensors/RF/EPLRS + drone,1,70,70,-100.0,98,0,98.0,90,True,1.5
M252 81mm,OKSI M821A2 81mm HE,3000,2,plain spotter,1,300,300,-100.0,576,0,576.0,90,True,2.0
M252 81mm,OKSI M821A2 81mm HE,3000,2,SOFLAM rangefinder,1,200,200,-100.0,379,0,379.0,90,True,2.0
M252 81mm,OKSI M821A2 81mm HE,3000,2,scout/bomber drone spotter,1,200,150,-100.0,317,0,317.0,90,True,2.0
M252 81mm,OKSI M821A2 81mm HE,3000,2,full gucci: player sensors/RF/EPLRS + drone,1,100,70,-100.0,106,0,106.0,90,True,1.5
M252 81mm,OKSI M821A2 81mm HE,3000,2,plain spotter,1,300,300,-100.0,477,0,477.0,90,True,2.0
M252 81mm,OKSI M821A2 81mm HE,3000,2,SOFLAM rangefinder,1,200,150,-100.0,325,0,325.0,90,True,2.0
M252 81mm,OKSI M821A2 81mm HE,3000,2,scout/bomber drone spotter,1,150,150,-100.0,275,0,275.0,90,True,2.0
M252 81mm,OKSI M821A2 81mm HE,3000,2,full gucci: player sensors/RF/EPLRS + drone,1,70,70,-100.0,98,0,98.0,90,True,1.5
M252 81mm,OKSI M821A2 81mm HE,3000,2,plain spotter,1,300,300,-100.0,568,0,568.0,90,True,2.0
M252 81mm,OKSI M821A2 81mm HE,3000,2,SOFLAM rangefinder,1,200,200,-100.0,379,0,379.0,90,True,2.0
M252 81mm,OKSI M821A2 81mm HE,3000,2,scout/bomber drone spotter,1,200,150,-100.0,317,0,317.0,90,True,2.0
M252 81mm,OKSI M821A2 81mm HE,3000,2,full gucci: player sensors/RF/EPLRS + drone,1,100,70,-100.0,106,0,106.0,90,True,1.5
M252 81mm,OKSI M821A2 81mm HE,3000,2,plain spotter,1,300,300,-100.0,477,0,477.0,90,True,2.0
M252 81mm,OKSI M821A2 81mm HE,3000,2,SOFLAM rangefinder,1,200,150,-100.0,325,0,325.0,90,True,2.0
M252 81mm,OKSI M821A2 81mm HE,3000,2,scout/bomber drone spotter,1,150,150,-100.0,275,0,275.0,90,True,2.0
M252 81mm,OKSI M821A2 81mm HE,3000,2,full gucci: player sensors/RF/EPLRS + drone,1,70,70,-100.0,98,0,98.0,90,True,1.5
M252 81mm,OKSI M821A2 81mm HE,3000,2,plain spotter,1,300,300,-100.0,568,0,568.0,90,True,2.0
M252 81mm,OKSI M821A2 81mm HE,3000,2,SOFLAM rangefinder,1,200,200,-100.0,379,0,379.0,90,True,2.0
M252 81mm,OKSI M821A2 81mm HE,3000,2,scout/bomber drone spotter,1,200,150,-100.0,317,0,317.0,90,True,2.0
M252 81mm,OKSI M821A2 81mm HE,3000,2,full gucci: player sensors/RF/EPLRS + drone,1,100,70,-100.0,106,0,106.0,90,True,1.5
M252 81mm,OKSI M821A2 81mm HE,3000,2,plain spotter,1,300,300,-100.0,477,0,477.0,90,True,2.0
M252 81mm,OKSI M821A2 81mm HE,3000,2,SOFLAM rangefinder,1,200,150,-100.0,325,0,325.0,90,True,2.0
M252 81mm,OKSI M821A2 81mm HE,3000,2,scout/bomber drone spotter,1,150,150,-100.0,275,0,275.0,90,True,2.0
M252 81mm,OKSI M821A2 81mm HE,3000,2,full gucci: player sensors/RF/EPLRS + drone,1,70,70,-100.0,98,0,98.0,90,True,1.5
M252 81mm,OKSI M821A2 81mm HE,3000,0,plain spotter,1,300,300,-100.0,568,0,568.0,90,True,2.0
M252 81mm,OKSI M821A2 81mm HE,3000,0,SOFLAM rangefinder,1,200,200,-100.0,379,0,379.0,90,True,2.0
M252 81mm,OKSI M821A2 81mm HE,3000,0,scout/bomber drone spotter,1,200,150,-100.0,317,0,317.0,90,True,2.0
M252 81mm,OKSI M821A2 81mm HE,3000,0,full gucci: player sensors/RF/EPLRS + drone,1,100,70,-100.0,106,0,106.0,90,True,1.5
M252 81mm,OKSI M821A2 81mm HE,3000,0,plain spotter,1,300,300,-100.0,477,0,477.0,90,True,2.0
M252 81mm,OKSI M821A2 81mm HE,3000,0,SOFLAM rangefinder,1,200,150,-100.0,325,0,325.0,90,True,2.0
M252 81mm,OKSI M821A2 81mm HE,3000,0,scout/bomber drone spotter,1,150,150,-100.0,275,0,275.0,90,True,2.0
M252 81mm,OKSI M821A2 81mm HE,3000,0,full gucci: player sensors/RF/EPLRS + drone,1,70,70,-100.0,98,0,98.0,90,True,1.5
M252 81mm,OKSI M821A2 81mm HE,3000,1,plain spotter,1,300,300,-100.0,568,0,568.0,90,True,2.0
M252 81mm,OKSI M821A2 81mm HE,3000,1,SOFLAM rangefinder,1,200,200,-100.0,379,0,379.0,90,True,2.0
M252 81mm,OKSI M821A2 81mm HE,3000,1,scout/bomber drone spotter,1,200,150,-100.0,317,0,317.0,90,True,2.0
M252 81mm,OKSI M821A2 81mm HE,3000,1,full gucci: player sensors/RF/EPLRS + drone,1,100,70,-100.0,106,0,106.0,90,True,1.5
M252 81mm,OKSI M821A2 81mm HE,3000,1,plain spotter,1,300,300,-100.0,477,0,477.0,90,True,2.0
M252 81mm,OKSI M821A2 81mm HE,3000,1,SOFLAM rangefinder,1,200,150,-100.0,325,0,325.0,90,True,2.0
M252 81mm,OKSI M821A2 81mm HE,3000,1,scout/bomber drone spotter,1,150,150,-100.0,275,0,275.0,90,True,2.0
M252 81mm,OKSI M821A2 81mm HE,3000,1,full gucci: player sensors/RF/EPLRS + drone,1,70,70,-100.0,98,0,98.0,90,True,1.5
M252 81mm,OKSI M821A2 81mm HE,3000,1,plain spotter,1,300,300,-100.0,568,0,568.0,90,True,2.0
M252 81mm,OKSI M821A2 81mm HE,3000,1,SOFLAM rangefinder,1,200,200,-100.0,379,0,379.0,90,True,2.0
M252 81mm,OKSI M821A2 81mm HE,3000,1,scout/bomber drone spotter,1,200,150,-100.0,317,0,317.0,90,True,2.0
M252 81mm,OKSI M821A2 81mm HE,3000,1,full gucci: player sensors/RF/EPLRS + drone,1,100,70,-100.0,106,0,106.0,90,True,1.5
M252 81mm,OKSI M821A2 81mm HE,3000,1,plain spotter,1,300,300,-100.0,477,0,477.0,90,True,2.0
M252 81mm,OKSI M821A2 81mm HE,3000,1,SOFLAM rangefinder,1,200,150,-100.0,325,0,325.0,90,True,2.0
M252 81mm,OKSI M821A2 81mm HE,3000,1,scout/bomber drone spotter,1,150,150,-100.0,275,0,275.0,90,True,2.0
M252 81mm,OKSI M821A2 81mm HE,3000,1,full gucci: player sensors/RF/EPLRS + drone,1,70,70,-100.0,98,0,98.0,90,True,1.5
M252 81mm,OKSI M821A2 81mm HE,3000,1,plain spotter,1,300,300,-100.0,568,0,568.0,90,True,2.0
M252 81mm,OKSI M821A2 81mm HE,3000,1,SOFLAM rangefinder,1,200,200,-100.0,379,0,379.0,90,True,2.0
M252 81mm,OKSI M821A2 81mm HE,3000,1,scout/bomber drone spotter,1,200,150,-100.0,317,0,317.0,90,True,2.0
M252 81mm,OKSI M821A2 81mm HE,3000,1,full gucci: player sensors/RF/EPLRS + drone,1,100,70,-100.0,106,0,106.0,90,True,1.5
M252 81mm,OKSI M821A2 81mm HE,3000,1,plain spotter,1,300,300,-100.0,477,0,477.0,90,True,2.0
M252 81mm,OKSI M821A2 81mm HE,3000,1,SOFLAM rangefinder,1,200,150,-100.0,325,0,325.0,90,True,2.0
M252 81mm,OKSI M821A2 81mm HE,3000,1,scout/bomber drone spotter,1,150,150,-100.0,275,0,275.0,90,True,2.0
M252 81mm,OKSI M821A2 81mm HE,3000,1,full gucci: player sensors/RF/EPLRS + drone,1,70,70,-100.0,98,0,98.0,90,True,1.5
M252 81mm,OKSI M821A2 81mm HE,3000,2,plain spotter,1,300,300,-100.0,568,0,568.0,90,True,2.0
M252 81mm,OKSI M821A2 81mm HE,3000,2,SOFLAM rangefinder,1,200,200,-100.0,379,0,379.0,90,True,2.0
M252 81mm,OKSI M821A2 81mm HE,3000,2,scout/bomber drone spotter,1,200,150,-100.0,317,0,317.0,90,True,2.0
M252 81mm,OKSI M821A2 81mm HE,3000,2,full gucci: player sensors/RF/EPLRS + drone,1,100,70,-100.0,106,0,106.0,90,True,1.5
M252 81mm,OKSI M821A2 81mm HE,3000,2,plain spotter,1,300,300,-100.0,477,0,477.0,90,True,2.0
M252 81mm,OKSI M821A2 81mm HE,3000,2,SOFLAM rangefinder,1,200,150,-100.0,325,0,325.0,90,True,2.0
M252 81mm,OKSI M821A2 81mm HE,3000,2,scout/bomber drone spotter,1,150,150,-100.0,275,0,275.0,90,True,2.0
M252 81mm,OKSI M821A2 81mm HE,3000,2,full gucci: player sensors/RF/EPLRS + drone,1,70,70,-100.0,98,0,98.0,90,True,1.5
M252 81mm,OKSI M821A2 81mm HE,3000,2,plain spotter,1,300,300,-100.0,568,0,568.0,90,True,2.0
M252 81mm,OKSI M821A2 81mm HE,3000,2,SOFLAM rangefinder,1,200,200,-100.0,379,0,379.0,90,True,2.0
M252 81mm,OKSI M821A2 81mm HE,3000,2,scout/bomber drone spotter,1,200,150,-100.0,317,0,317.0,90,True,2.0
M252 81mm,OKSI M821A2 81mm HE,3000,2,full gucci: player sensors/RF/EPLRS + drone,1,100,70,-100.0,106,0,106.0,90,True,1.5
M252 81mm,OKSI M821A2 81mm HE,3000,2,plain spotter,1,300,300,-100.0,477,0,477.0,90,True,2.0
M252 81mm,OKSI M821A2 81mm HE,3000,2,SOFLAM rangefinder,1,200,150,-100.0,325,0,325.0,90,True,2.0
M252 81mm,OKSI M821A2 81mm HE,3000,2,scout/bomber drone spotter,1,150,150,-100.0,275,0,275.0,90,True,2.0
M252 81mm,OKSI M821A2 81mm HE,3000,2,full gucci: player sensors/RF/EPLRS + drone,1,70,70,-100.0,98,0,98.0,90,True,1.5
M252 81mm,OKSI M821A2 81mm HE,3000,2,plain spotter,1,300,300,-100.0,568,0,568.0,90,True,2.0
M252 81mm,OKSI M821A2 81mm HE,3000,2,SOFLAM rangefinder,1,200,200,-100.0,379,0,379.0,90,True,2.0
M252 81mm,OKSI M821A2 81mm HE,3000,2,scout/bomber drone spotter,1,200,150,-100.0,317,0,317.0,90,True,2.0
M252 81mm,OKSI M821A2 81mm HE,3000,2,full gucci: player sensors/RF/EPLRS + drone,1,100,70,-100.0,106,0,106.0,90,True,1.5
M252 81mm,OKSI M821A2 81mm HE,3000,2,plain spotter,1,300,300,-100.0,477,0,477.0,90,True,2.0
M252 81mm,OKSI M821A2 81mm HE,3000,2,SOFLAM rangefinder,1,200,150,-100.0,325,0,325.0,90,True,2.0
M252 81mm,OKSI M821A2 81mm HE,3000,2,scout/bomber drone spotter,1,150,150,-100.0,275,0,275.0,90,True,2.0
M252 81mm,OKSI M821A2 81mm HE,3000,2,full gucci: player sensors/RF/EPLRS + drone,1,70,70,-100.0,98,0,98.0,90,True,1.5
M252 81mm,OKSI M821A2 81mm HE,5900,0,plain spotter,1,600,600,-100.0,1064,0,1064.0,90,True,2.0
M252 81mm,OKSI M821A2 81mm HE,5900,0,SOFLAM rangefinder,1,600,600,-100.0,751,0,751.0,90,True,2.0
M252 81mm,OKSI M821A2 81mm HE,5900,0,scout/bomber drone spotter,1,300,300,-100.0,549,0,549.0,90,True,2.0
M252 81mm,OKSI M821A2 81mm HE,5900,0,full gucci: player sensors/RF/EPLRS + drone,1,300,200,-100.0,491,0,491.0,90,True,2.0
M252 81mm,OKSI M821A2 81mm HE,5900,0,plain spotter,1,600,600,-100.0,936,0,936.0,90,True,2.0
M252 81mm,OKSI M821A2 81mm HE,5900,0,SOFLAM rangefinder,1,600,300,-100.0,646,0,646.0,90,True,2.0
M252 81mm,OKSI M821A2 81mm HE,5900,0,scout/bomber drone spotter,1,300,200,-100.0,432,0,432.0,90,True,2.0
M252 81mm,OKSI M821A2 81mm HE,5900,0,full gucci: player sensors/RF/EPLRS + drone,1,300,200,-100.0,433,0,433.0,90,True,2.0
M252 81mm,OKSI M821A2 81mm HE,5900,1,plain spotter,1,600,600,-100.0,1023,0,1023.0,90,True,2.0
M252 81mm,OKSI M821A2 81mm HE,5900,1,SOFLAM rangefinder,1,600,300,-100.0,705,0,705.0,90,True,2.0
M252 81mm,OKSI M821A2 81mm HE,5900,1,scout/bomber drone spotter,1,300,300,-100.0,496,0,496.0,90,True,2.0
M252 81mm,OKSI M821A2 81mm HE,5900,1,full gucci: player sensors/RF/EPLRS + drone,1,300,200,-100.0,445,0,445.0,90,True,2.0
M252 81mm,OKSI M821A2 81mm HE,5900,1,plain spotter,1,600,600,-100.0,893,0,893.0,90,True,2.0
M252 81mm,OKSI M821A2 81mm HE,5900,1,SOFLAM rangefinder,1,300,300,-100.0,597,0,597.0,90,True,2.0
M252 81mm,OKSI M821A2 81mm HE,5900,1,scout/bomber drone spotter,1,200,200,-100.0,373,0,373.0,90,True,2.0
M252 81mm,OKSI M821A2 81mm HE,5900,1,full gucci: player sensors/RF/EPLRS + drone,1,200,150,-100.0,384,0,384.0,90,True,2.0
M252 81mm,OKSI M821A2 81mm HE,5900,1,plain spotter,1,600,600,-100.0,1002,0,1002.0,90,True,2.0
M252 81mm,OKSI M821A2 81mm HE,5900,1,SOFLAM rangefinder,1,600,300,-100.0,687,0,687.0,90,True,2.0
M252 81mm,OKSI M821A2 81mm HE,5900,1,scout/bomber drone spotter,1,300,200,-100.0,483,0,483.0,90,True,2.0
M252 81mm,OKSI M821A2 81mm HE,5900,1,full gucci: player sensors/RF/EPLRS + drone,1,300,200,-100.0,427,0,427.0,90,True,2.0
M252 81mm,OKSI M821A2 81mm HE,5900,1,plain spotter,1,600,600,-100.0,873,0,873.0,90,True,2.0
M252 81mm,OKSI M821A2 81mm HE,5900,1,SOFLAM rangefinder,1,300,300,-100.0,581,0,581.0,90,True,2.0
M252 81mm,OKSI M821A2 81mm HE,5900,1,scout/bomber drone spotter,1,200,200,-100.0,364,0,364.0,90,True,2.0
M252 81mm,OKSI M821A2 81mm HE,5900,1,full gucci: player sensors/RF/EPLRS + drone,1,200,150,-100.0,368,0,368.0,90,True,2.0
M252 81mm,OKSI M821A2 81mm HE,5900,1,plain spotter,1,600,600,-100.0,1002,0,1002.0,90,True,2.0
M252 81mm,OKSI M821A2 81mm HE,5900,1,SOFLAM rangefinder,1,600,300,-100.0,687,0,687.0,90,True,2.0
M252 81mm,OKSI M821A2 81mm HE,5900,1,scout/bomber drone spotter,1,300,200,-100.0,483,0,483.0,90,True,2.0
M252 81mm,OKSI M821A2 81mm HE,5900,1,full gucci: player sensors/RF/EPLRS + drone,1,300,200,-100.0,427,0,427.0,90,True,2.0
M252 81mm,OKSI M821A2 81mm HE,5900,1,plain spotter,1,600,600,-100.0,873,0,873.0,90,True,2.0
M252 81mm,OKSI M821A2 81mm HE,5900,1,SOFLAM rangefinder,1,300,300,-100.0,581,0,581.0,90,True,2.0
M252 81mm,OKSI M821A2 81mm HE,5900,1,scout/bomber drone spotter,1,200,200,-100.0,364,0,364.0,90,True,2.0
M252 81mm,OKSI M821A2 81mm HE,5900,1,full gucci: player sensors/RF/EPLRS + drone,1,200,150,-100.0,368,0,368.0,90,True,2.0
M252 81mm,OKSI M821A2 81mm HE,5900,2,plain spotter,1,600,600,-100.0,993,0,993.0,90,True,2.0
M252 81mm,OKSI M821A2 81mm HE,5900,2,SOFLAM rangefinder,1,600,300,-100.0,679,0,679.0,90,True,2.0
M252 81mm,OKSI M821A2 81mm HE,5900,2,scout/bomber drone spotter,1,300,200,-100.0,478,0,478.0,90,True,2.0
M252 81mm,OKSI M821A2 81mm HE,5900,2,full gucci: player sensors/RF/EPLRS + drone,1,300,200,-100.0,419,0,419.0,90,True,2.0
M252 81mm,OKSI M821A2 81mm HE,5900,2,plain spotter,1,600,600,-100.0,864,0,864.0,90,True,2.0
M252 81mm,OKSI M821A2 81mm HE,5900,2,SOFLAM rangefinder,1,300,300,-100.0,575,0,575.0,90,True,2.0
M252 81mm,OKSI M821A2 81mm HE,5900,2,scout/bomber drone spotter,1,200,200,-100.0,362,0,362.0,90,True,2.0
M252 81mm,OKSI M821A2 81mm HE,5900,2,full gucci: player sensors/RF/EPLRS + drone,1,200,150,-100.0,362,0,362.0,90,True,2.0
M252 81mm,OKSI M821A2 81mm HE,5900,2,plain spotter,1,600,600,-100.0,953,0,953.0,90,True,2.0
M252 81mm,OKSI M821A2 81mm HE,5900,2,SOFLAM rangefinder,1,600,300,-100.0,640,0,640.0,90,True,2.0
M252 81mm,OKSI M821A2 81mm HE,5900,2,scout/bomber drone spotter,1,300,200,-100.0,440,0,440.0,90,True,2.0
M252 81mm,OKSI M821A2 81mm HE,5900,2,full gucci: player sensors/RF/EPLRS + drone,1,200,150,-100.0,380,0,380.0,90,True,2.0
M252 81mm,OKSI M821A2 81mm HE,5900,2,plain spotter,1,600,600,-100.0,824,0,824.0,90,True,2.0
M252 81mm,OKSI M821A2 81mm HE,5900,2,SOFLAM rangefinder,1,300,300,-100.0,536,0,536.0,90,True,2.0
M252 81mm,OKSI M821A2 81mm HE,5900,2,scout/bomber drone spotter,1,200,200,-100.0,362,0,362.0,90,True,2.0
M252 81mm,OKSI M821A2 81mm HE,5900,2,full gucci: player sensors/RF/EPLRS + drone,1,200,150,-100.0,323,0,323.0,90,True,2.0
M252 81mm,OKSI M821A2 81mm HE,5900,2,plain spotter,1,600,600,-100.0,953,0,953.0,90,True,2.0
M252 81mm,OKSI M821A2 81mm HE,5900,2,SOFLAM rangefinder,1,600,300,-100.0,640,0,640.0,90,True,2.0
M252 81mm,OKSI M821A2 81mm HE,5900,2,scout/bomber drone spotter,1,300,200,-100.0,440,0,440.0,90,True,2.0
M252 81mm,OKSI M821A2 81mm HE,5900,2,full gucci: player sensors/RF/EPLRS + drone,1,200,150,-100.0,380,0,380.0,90,True,2.0
M252 81mm,OKSI M821A2 81mm HE,5900,2,plain spotter,1,600,600,-100.0,824,0,824.0,90,True,2.0
M252 81mm,OKSI M821A2 81mm HE,5900,2,SOFLAM rangefinder,1,300,300,-100.0,536,0,536.0,90,True,2.0
M252 81mm,OKSI M821A2 81mm HE,5900,2,scout/bomber drone spotter,1,200,200,-100.0,362,0,362.0,90,True,2.0
M252 81mm,OKSI M821A2 81mm HE,5900,2,full gucci: player sensors/RF/EPLRS + drone,1,200,150,-100.0,323,0,323.0,90,True,2.0
M252 81mm,OKSI M821A2 81mm HE,5900,0,plain spotter,1,600,600,-100.0,838,0,838.0,90,True,2.0
M252 81mm,OKSI M821A2 81mm HE,5900,0,SOFLAM rangefinder,1,300,300,-100.0,538,0,538.0,90,True,2.0
M252 81mm,OKSI M821A2 81mm HE,5900,0,scout/bomber drone spotter,1,300,200,-100.0,404,0,404.0,90,True,2.0
M252 81mm,OKSI M821A2 81mm HE,5900,0,full gucci: player sensors/RF/EPLRS + drone,1,150,150,-100.0,278,0,278.0,90,True,2.0
M252 81mm,OKSI M821A2 81mm HE,5900,0,plain spotter,1,600,600,-100.0,713,0,713.0,90,True,2.0
M252 81mm,OKSI M821A2 81mm HE,5900,0,SOFLAM rangefinder,1,300,200,-100.0,449,0,449.0,90,True,2.0
M252 81mm,OKSI M821A2 81mm HE,5900,0,scout/bomber drone spotter,1,200,200,-100.0,362,0,362.0,90,True,2.0
M252 81mm,OKSI M821A2 81mm HE,5900,0,full gucci: player sensors/RF/EPLRS + drone,1,150,100,-100.0,236,0,236.0,90,True,2.0
M252 81mm,OKSI M821A2 81mm HE,5900,1,plain spotter,1,600,600,-100.0,820,0,820.0,90,True,2.0
M252 81mm,OKSI M821A2 81mm HE,5900,1,SOFLAM rangefinder,1,300,300,-100.0,524,0,524.0,90,True,2.0
M252 81mm,OKSI M821A2 81mm HE,5900,1,scout/bomber drone spotter,1,300,200,-100.0,404,0,404.0,90,True,2.0
M252 81mm,OKSI M821A2 81mm HE,5900,1,full gucci: player sensors/RF/EPLRS + drone,1,150,150,-100.0,264,0,264.0,90,True,2.0
M252 81mm,OKSI M821A2 81mm HE,5900,1,plain spotter,1,600,600,-100.0,696,0,696.0,90,True,2.0
M252 81mm,OKSI M821A2 81mm HE,5900,1,SOFLAM rangefinder,1,300,200,-100.0,449,0,449.0,90,True,2.0
M252 81mm,OKSI M821A2 81mm HE,5900,1,scout/bomber drone spotter,1,200,200,-100.0,362,0,362.0,90,True,2.0
M252 81mm,OKSI M821A2 81mm HE,5900,1,full gucci: player sensors/RF/EPLRS + drone,1,150,100,-100.0,236,0,236.0,90,True,2.0
M252 81mm,OKSI M821A2 81mm HE,5900,1,plain spotter,1,600,600,-100.0,769,0,769.0,90,True,2.0
M252 81mm,OKSI M821A2 81mm HE,5900,1,SOFLAM rangefinder,1,300,300,-100.0,511,0,511.0,90,True,2.0
M252 81mm,OKSI M821A2 81mm HE,5900,1,scout/bomber drone spotter,1,300,200,-100.0,404,0,404.0,90,True,2.0
M252 81mm,OKSI M821A2 81mm HE,5900,1,full gucci: player sensors/RF/EPLRS + drone,1,150,100,-100.0,251,0,251.0,90,True,2.0
M252 81mm,OKSI M821A2 81mm HE,5900,1,plain spotter,1,600,300,-100.0,648,0,648.0,90,True,2.0
M252 81mm,OKSI M821A2 81mm HE,5900,1,SOFLAM rangefinder,1,300,200,-100.0,449,0,449.0,90,True,2.0
M252 81mm,OKSI M821A2 81mm HE,5900,1,scout/bomber drone spotter,1,200,200,-100.0,362,0,362.0,90,True,2.0
M252 81mm,OKSI M821A2 81mm HE,5900,1,full gucci: player sensors/RF/EPLRS + drone,1,150,100,-100.0,236,0,236.0,90,True,2.0
M252 81mm,OKSI M821A2 81mm HE,5900,1,plain spotter,1,600,600,-100.0,755,0,755.0,90,True,2.0
M252 81mm,OKSI M821A2 81mm HE,5900,1,SOFLAM rangefinder,1,300,300,-100.0,511,0,511.0,90,True,2.0
M252 81mm,OKSI M821A2 81mm HE,5900,1,scout/bomber drone spotter,1,300,200,-100.0,404,0,404.0,90,True,2.0
M252 81mm,OKSI M821A2 81mm HE,5900,1,full gucci: player sensors/RF/EPLRS + drone,1,150,100,-100.0,251,0,251.0,90,True,2.0
M252 81mm,OKSI M821A2 81mm HE,5900,1,plain spotter,1,600,300,-100.0,647,0,647.0,90,True,2.0
M252 81mm,OKSI M821A2 81mm HE,5900,1,SOFLAM rangefinder,1,300,200,-100.0,449,0,449.0,90,True,2.0
M252 81mm,OKSI M821A2 81mm HE,5900,1,scout/bomber drone spotter,1,200,200,-100.0,362,0,362.0,90,True,2.0
M252 81mm,OKSI M821A2 81mm HE,5900,1,full gucci: player sensors/RF/EPLRS + drone,1,150,100,-100.0,236,0,236.0,90,True,2.0
M252 81mm,OKSI M821A2 81mm HE,5900,2,plain spotter,1,600,600,-100.0,801,0,801.0,90,True,2.0
M252 81mm,OKSI M821A2 81mm HE,5900,2,SOFLAM rangefinder,1,300,300,-100.0,511,0,511.0,90,True,2.0
M252 81mm,OKSI M821A2 81mm HE,5900,2,scout/bomber drone spotter,1,300,200,-100.0,404,0,404.0,90,True,2.0
M252 81mm,OKSI M821A2 81mm HE,5900,2,full gucci: player sensors/RF/EPLRS + drone,1,150,100,-100.0,251,0,251.0,90,True,2.0
M252 81mm,OKSI M821A2 81mm HE,5900,2,plain spotter,1,600,600,-100.0,678,0,678.0,90,True,2.0
M252 81mm,OKSI M821A2 81mm HE,5900,2,SOFLAM rangefinder,1,300,200,-100.0,449,0,449.0,90,True,2.0
M252 81mm,OKSI M821A2 81mm HE,5900,2,scout/bomber drone spotter,1,200,200,-100.0,362,0,362.0,90,True,2.0
M252 81mm,OKSI M821A2 81mm HE,5900,2,full gucci: player sensors/RF/EPLRS + drone,1,150,100,-100.0,236,0,236.0,90,True,2.0
M252 81mm,OKSI M821A2 81mm HE,5900,2,plain spotter,1,600,600,-100.0,755,0,755.0,90,True,2.0
M252 81mm,OKSI M821A2 81mm HE,5900,2,SOFLAM rangefinder,1,300,300,-100.0,511,0,511.0,90,True,2.0
M252 81mm,OKSI M821A2 81mm HE,5900,2,scout/bomber drone spotter,1,300,200,-100.0,404,0,404.0,90,True,2.0
M252 81mm,OKSI M821A2 81mm HE,5900,2,full gucci: player sensors/RF/EPLRS + drone,1,150,100,-100.0,251,0,251.0,90,True,2.0
M252 81mm,OKSI M821A2 81mm HE,5900,2,plain spotter,1,600,300,-100.0,647,0,647.0,90,True,2.0
M252 81mm,OKSI M821A2 81mm HE,5900,2,SOFLAM rangefinder,1,300,200,-100.0,449,0,449.0,90,True,2.0
M252 81mm,OKSI M821A2 81mm HE,5900,2,scout/bomber drone spotter,1,200,200,-100.0,362,0,362.0,90,True,2.0
M252 81mm,OKSI M821A2 81mm HE,5900,2,full gucci: player sensors/RF/EPLRS + drone,1,150,100,-100.0,236,0,236.0,90,True,2.0
M252 81mm,OKSI M821A2 81mm HE,5900,2,plain spotter,1,600,600,-100.0,755,0,755.0,90,True,2.0
M252 81mm,OKSI M821A2 81mm HE,5900,2,SOFLAM rangefinder,1,300,300,-100.0,511,0,511.0,90,True,2.0
M252 81mm,OKSI M821A2 81mm HE,5900,2,scout/bomber drone spotter,1,300,200,-100.0,404,0,404.0,90,True,2.0
M252 81mm,OKSI M821A2 81mm HE,5900,2,full gucci: player sensors/RF/EPLRS + drone,1,150,100,-100.0,251,0,251.0,90,True,2.0
M252 81mm,OKSI M821A2 81mm HE,5900,2,plain spotter,1,600,300,-100.0,647,0,647.0,90,True,2.0
M252 81mm,OKSI M821A2 81mm HE,5900,2,SOFLAM rangefinder,1,300,200,-100.0,449,0,449.0,90,True,2.0
M252 81mm,OKSI M821A2 81mm HE,5900,2,scout/bomber drone spotter,1,200,200,-100.0,362,0,362.0,90,True,2.0
M252 81mm,OKSI M821A2 81mm HE,5900,2,full gucci: player sensors/RF/EPLRS + drone,1,150,100,-100.0,236,0,236.0,90,True,2.0
M252 81mm,OKSI M821A2 81mm HE,5900,0,plain spotter,1,600,600,-100.0,755,0,755.0,90,True,2.0
M252 81mm,OKSI M821A2 81mm HE,5900,0,SOFLAM rangefinder,1,300,300,-100.0,511,0,511.0,90,True,2.0
M252 81mm,OKSI M821A2 81mm HE,5900,0,scout/bomber drone spotter,1,300,200,-100.0,404,0,404.0,90,True,2.0
M252 81mm,OKSI M821A2 81mm HE,5900,0,full gucci: player sensors/RF/EPLRS + drone,1,150,100,-100.0,251,0,251.0,90,True,2.0
M252 81mm,OKSI M821A2 81mm HE,5900,0,plain spotter,1,600,300,-100.0,647,0,647.0,90,True,2.0
M252 81mm,OKSI M821A2 81mm HE,5900,0,SOFLAM rangefinder,1,300,200,-100.0,449,0,449.0,90,True,2.0
M252 81mm,OKSI M821A2 81mm HE,5900,0,scout/bomber drone spotter,1,200,200,-100.0,362,0,362.0,90,True,2.0
M252 81mm,OKSI M821A2 81mm HE,5900,0,full gucci: player sensors/RF/EPLRS + drone,1,150,100,-100.0,236,0,236.0,90,True,2.0
M252 81mm,OKSI M821A2 81mm HE,5900,1,plain spotter,1,600,600,-100.0,755,0,755.0,90,True,2.0
M252 81mm,OKSI M821A2 81mm HE,5900,1,SOFLAM rangefinder,1,300,300,-100.0,511,0,511.0,90,True,2.0
M252 81mm,OKSI M821A2 81mm HE,5900,1,scout/bomber drone spotter,1,300,200,-100.0,404,0,404.0,90,True,2.0
M252 81mm,OKSI M821A2 81mm HE,5900,1,full gucci: player sensors/RF/EPLRS + drone,1,150,100,-100.0,251,0,251.0,90,True,2.0
M252 81mm,OKSI M821A2 81mm HE,5900,1,plain spotter,1,600,300,-100.0,647,0,647.0,90,True,2.0
M252 81mm,OKSI M821A2 81mm HE,5900,1,SOFLAM rangefinder,1,300,200,-100.0,449,0,449.0,90,True,2.0
M252 81mm,OKSI M821A2 81mm HE,5900,1,scout/bomber drone spotter,1,200,200,-100.0,362,0,362.0,90,True,2.0
M252 81mm,OKSI M821A2 81mm HE,5900,1,full gucci: player sensors/RF/EPLRS + drone,1,150,100,-100.0,236,0,236.0,90,True,2.0
M252 81mm,OKSI M821A2 81mm HE,5900,1,plain spotter,1,600,600,-100.0,755,0,755.0,90,True,2.0
M252 81mm,OKSI M821A2 81mm HE,5900,1,SOFLAM rangefinder,1,300,300,-100.0,511,0,511.0,90,True,2.0
M252 81mm,OKSI M821A2 81mm HE,5900,1,scout/bomber drone spotter,1,300,200,-100.0,404,0,404.0,90,True,2.0
M252 81mm,OKSI M821A2 81mm HE,5900,1,full gucci: player sensors/RF/EPLRS + drone,1,150,100,-100.0,251,0,251.0,90,True,2.0
M252 81mm,OKSI M821A2 81mm HE,5900,1,plain spotter,1,600,300,-100.0,647,0,647.0,90,True,2.0
M252 81mm,OKSI M821A2 81mm HE,5900,1,SOFLAM rangefinder,1,300,200,-100.0,449,0,449.0,90,True,2.0
M252 81mm,OKSI M821A2 81mm HE,5900,1,scout/bomber drone spotter,1,200,200,-100.0,362,0,362.0,90,True,2.0
M252 81mm,OKSI M821A2 81mm HE,5900,1,full gucci: player sensors/RF/EPLRS + drone,1,150,100,-100.0,236,0,236.0,90,True,2.0
M252 81mm,OKSI M821A2 81mm HE,5900,1,plain spotter,1,600,600,-100.0,755,0,755.0,90,True,2.0
M252 81mm,OKSI M821A2 81mm HE,5900,1,SOFLAM rangefinder,1,300,300,-100.0,511,0,511.0,90,True,2.0
M252 81mm,OKSI M821A2 81mm HE,5900,1,scout/bomber drone spotter,1,300,200,-100.0,404,0,404.0,90,True,2.0
M252 81mm,OKSI M821A2 81mm HE,5900,1,full gucci: player sensors/RF/EPLRS + drone,1,150,100,-100.0,251,0,251.0,90,True,2.0
M252 81mm,OKSI M821A2 81mm HE,5900,1,plain spotter,1,600,300,-100.0,647,0,647.0,90,True,2.0
M252 81mm,OKSI M821A2 81mm HE,5900,1,SOFLAM rangefinder,1,300,200,-100.0,449,0,449.0,90,True,2.0
M252 81mm,OKSI M821A2 81mm HE,5900,1,scout/bomber drone spotter,1,200,200,-100.0,362,0,362.0,90,True,2.0
M252 81mm,OKSI M821A2 81mm HE,5900,1,full gucci: player sensors/RF/EPLRS + drone,1,150,100,-100.0,236,0,236.0,90,True,2.0
M252 81mm,OKSI M821A2 81mm HE,5900,2,plain spotter,1,600,600,-100.0,755,0,755.0,90,True,2.0
M252 81mm,OKSI M821A2 81mm HE,5900,2,SOFLAM rangefinder,1,300,300,-100.0,511,0,511.0,90,True,2.0
M252 81mm,OKSI M821A2 81mm HE,5900,2,scout/bomber drone spotter,1,300,200,-100.0,404,0,404.0,90,True,2.0
M252 81mm,OKSI M821A2 81mm HE,5900,2,full gucci: player sensors/RF/EPLRS + drone,1,150,100,-100.0,251,0,251.0,90,True,2.0
M252 81mm,OKSI M821A2 81mm HE,5900,2,plain spotter,1,600,300,-100.0,647,0,647.0,90,True,2.0
M252 81mm,OKSI M821A2 81mm HE,5900,2,SOFLAM rangefinder,1,300,200,-100.0,449,0,449.0,90,True,2.0
M252 81mm,OKSI M821A2 81mm HE,5900,2,scout/bomber drone spotter,1,200,200,-100.0,362,0,362.0,90,True,2.0
M252 81mm,OKSI M821A2 81mm HE,5900,2,full gucci: player sensors/RF/EPLRS + drone,1,150,100,-100.0,236,0,236.0,90,True,2.0
M252 81mm,OKSI M821A2 81mm HE,5900,2,plain spotter,1,600,600,-100.0,755,0,755.0,90,True,2.0
M252 81mm,OKSI M821A2 81mm HE,5900,2,SOFLAM rangefinder,1,300,300,-100.0,511,0,511.0,90,True,2.0
M252 81mm,OKSI M821A2 81mm HE,5900,2,scout/bomber drone spotter,1,300,200,-100.0,404,0,404.0,90,True,2.0
M252 81mm,OKSI M821A2 81mm HE,5900,2,full gucci: player sensors/RF/EPLRS + drone,1,150,100,-100.0,251,0,251.0,90,True,2.0
M252 81mm,OKSI M821A2 81mm HE,5900,2,plain spotter,1,600,300,-100.0,647,0,647.0,90,True,2.0
M252 81mm,OKSI M821A2 81mm HE,5900,2,SOFLAM rangefinder,1,300,200,-100.0,449,0,449.0,90,True,2.0
M252 81mm,OKSI M821A2 81mm HE,5900,2,scout/bomber drone spotter,1,200,200,-100.0,362,0,362.0,90,True,2.0
M252 81mm,OKSI M821A2 81mm HE,5900,2,full gucci: player sensors/RF/EPLRS + drone,1,150,100,-100.0,236,0,236.0,90,True,2.0
M252 81mm,OKSI M821A2 81mm HE,5900,2,plain spotter,1,600,600,-100.0,755,0,755.0,90,True,2.0
M252 81mm,OKSI M821A2 81mm HE,5900,2,SOFLAM rangefinder,1,300,300,-100.0,511,0,511.0,90,True,2.0
M252 81mm,OKSI M821A2 81mm HE,5900,2,scout/bomber drone spotter,1,300,200,-100.0,404,0,404.0,90,True,2.0
M252 81mm,OKSI M821A2 81mm HE,5900,2,full gucci: player sensors/RF/EPLRS + drone,1,150,100,-100.0,251,0,251.0,90,True,2.0
M252 81mm,OKSI M821A2 81mm HE,5900,2,plain spotter,1,600,300,-100.0,647,0,647.0,90,True,2.0
M252 81mm,OKSI M821A2 81mm HE,5900,2,SOFLAM rangefinder,1,300,200,-100.0,449,0,449.0,90,True,2.0
M252 81mm,OKSI M821A2 81mm HE,5900,2,scout/bomber drone spotter,1,200,200,-100.0,362,0,362.0,90,True,2.0
M252 81mm,OKSI M821A2 81mm HE,5900,2,full gucci: player sensors/RF/EPLRS + drone,1,150,100,-100.0,236,0,236.0,90,True,2.0
M252 81mm,ACERM 81mm HE,500,0,plain spotter,1,300,300,-100.0,427,0,427.0,90,True,2.0
M252 81mm,ACERM 81mm HE,500,0,SOFLAM rangefinder,1,70,100,-100.0,77,0,77.0,90,True,1.5
M252 81mm,ACERM 81mm HE,500,0,scout/bomber drone spotter,1,150,150,-100.0,255,0,255.0,90,True,2.0
M252 81mm,ACERM 81mm HE,500,0,full gucci: player sensors/RF/EPLRS + drone,1,10,10,-100.0,9,0,9.0,90,False,1.0
M252 81mm,ACERM 81mm HE,500,0,plain spotter,1,200,200,-100.0,347,0,347.0,90,True,2.0
M252 81mm,ACERM 81mm HE,500,0,SOFLAM rangefinder,1,50,70,-100.0,40,0,40.0,90,False,1.0
M252 81mm,ACERM 81mm HE,500,0,scout/bomber drone spotter,1,150,100,-100.0,206,0,206.0,90,True,2.0
M252 81mm,ACERM 81mm HE,500,0,full gucci: player sensors/RF/EPLRS + drone,1,10,10,-100.0,9,0,9.0,90,False,1.0
M252 81mm,ACERM 81mm HE,500,1,plain spotter,1,300,300,-100.0,423,0,423.0,90,True,2.0
M252 81mm,ACERM 81mm HE,500,1,SOFLAM rangefinder,1,50,100,-100.0,49,0,49.0,90,False,1.0
M252 81mm,ACERM 81mm HE,500,1,scout/bomber drone spotter,1,150,150,-100.0,250,0,250.0,90,True,2.0
M252 81mm,ACERM 81mm HE,500,1,full gucci: player sensors/RF/EPLRS + drone,1,10,10,-100.0,9,0,9.0,90,False,1.0
M252 81mm,ACERM 81mm HE,500,1,plain spotter,1,200,200,-100.0,343,0,343.0,90,True,2.0
M252 81mm,ACERM 81mm HE,500,1,SOFLAM rangefinder,1,40,70,-100.0,38,0,38.0,90,False,1.0
M252 81mm,ACERM 81mm HE,500,1,scout/bomber drone spotter,1,150,100,-100.0,201,0,201.0,90,True,2.0
M252 81mm,ACERM 81mm HE,500,1,full gucci: player sensors/RF/EPLRS + drone,1,10,10,-100.0,9,0,9.0,90,False,1.0
M252 81mm,ACERM 81mm HE,500,1,plain spotter,1,300,300,-100.0,421,0,421.0,90,True,2.0
M252 81mm,ACERM 81mm HE,500,1,SOFLAM rangefinder,1,50,100,-100.0,48,0,48.0,90,False,1.0
M252 81mm,ACERM 81mm HE,500,1,scout/bomber drone spotter,1,150,150,-100.0,249,0,249.0,90,True,2.0
M252 81mm,ACERM 81mm HE,500,1,full gucci: player sensors/RF/EPLRS + drone,1,10,10,-100.0,9,0,9.0,90,False,1.0
M252 81mm,ACERM 81mm HE,500,1,plain spotter,1,200,200,-100.0,341,0,341.0,90,True,2.0
M252 81mm,ACERM 81mm HE,500,1,SOFLAM rangefinder,1,40,70,-100.0,38,0,38.0,90,False,1.0
M252 81mm,ACERM 81mm HE,500,1,scout/bomber drone spotter,1,100,100,-100.0,150,0,150.0,90,True,1.5
M252 81mm,ACERM 81mm HE,500,1,full gucci: player sensors/RF/EPLRS + drone,1,10,10,-100.0,9,0,9.0,90,False,1.0
M252 81mm,ACERM 81mm HE,500,1,plain spotter,1,300,300,-100.0,421,0,421.0,90,True,2.0
M252 81mm,ACERM 81mm HE,500,1,SOFLAM rangefinder,1,50,100,-100.0,48,0,48.0,90,False,1.0
M252 81mm,ACERM 81mm HE,500,1,scout/bomber drone spotter,1,150,150,-100.0,249,0,249.0,90,True,2.0
M252 81mm,ACERM 81mm HE,500,1,full gucci: player sensors/RF/EPLRS + drone,1,10,10,-100.0,9,0,9.0,90,False,1.0
M252 81mm,ACERM 81mm HE,500,1,plain spotter,1,200,200,-100.0,341,0,341.0,90,True,2.0
M252 81mm,ACERM 81mm HE,500,1,SOFLAM rangefinder,1,40,70,-100.0,38,0,38.0,90,False,1.0
M252 81mm,ACERM 81mm HE,500,1,scout/bomber drone spotter,1,100,100,-100.0,150,0,150.0,90,True,1.5
M252 81mm,ACERM 81mm HE,500,1,full gucci: player sensors/RF/EPLRS + drone,1,10,10,-100.0,9,0,9.0,90,False,1.0
M252 81mm,ACERM 81mm HE,500,2,plain spotter,1,300,300,-100.0,421,0,421.0,90,True,2.0
M252 81mm,ACERM 81mm HE,500,2,SOFLAM rangefinder,1,50,100,-100.0,48,0,48.0,90,False,1.0
M252 81mm,ACERM 81mm HE,500,2,scout/bomber drone spotter,1,150,150,-100.0,248,0,248.0,90,True,2.0
M252 81mm,ACERM 81mm HE,500,2,full gucci: player sensors/RF/EPLRS + drone,1,10,10,-100.0,9,0,9.0,90,False,1.0
M252 81mm,ACERM 81mm HE,500,2,plain spotter,1,200,200,-100.0,341,0,341.0,90,True,2.0
M252 81mm,ACERM 81mm HE,500,2,SOFLAM rangefinder,1,40,70,-100.0,38,0,38.0,90,False,1.0
M252 81mm,ACERM 81mm HE,500,2,scout/bomber drone spotter,1,100,100,-100.0,150,0,150.0,90,True,1.5
M252 81mm,ACERM 81mm HE,500,2,full gucci: player sensors/RF/EPLRS + drone,1,10,10,-100.0,9,0,9.0,90,False,1.0
M252 81mm,ACERM 81mm HE,500,2,plain spotter,1,300,300,-100.0,417,0,417.0,90,True,2.0
M252 81mm,ACERM 81mm HE,500,2,SOFLAM rangefinder,1,50,100,-100.0,46,0,46.0,90,False,1.0
M252 81mm,ACERM 81mm HE,500,2,scout/bomber drone spotter,1,150,150,-100.0,245,0,245.0,90,True,2.0
M252 81mm,ACERM 81mm HE,500,2,full gucci: player sensors/RF/EPLRS + drone,1,10,10,-100.0,9,0,9.0,90,False,1.0
M252 81mm,ACERM 81mm HE,500,2,plain spotter,1,200,200,-100.0,338,0,338.0,90,True,2.0
M252 81mm,ACERM 81mm HE,500,2,SOFLAM rangefinder,1,40,70,-100.0,38,0,38.0,90,False,1.0
M252 81mm,ACERM 81mm HE,500,2,scout/bomber drone spotter,1,100,100,-100.0,150,0,150.0,90,True,1.5
M252 81mm,ACERM 81mm HE,500,2,full gucci: player sensors/RF/EPLRS + drone,1,10,10,-100.0,9,0,9.0,90,False,1.0
M252 81mm,ACERM 81mm HE,500,2,plain spotter,1,300,300,-100.0,417,0,417.0,90,True,2.0
M252 81mm,ACERM 81mm HE,500,2,SOFLAM rangefinder,1,50,100,-100.0,46,0,46.0,90,False,1.0
M252 81mm,ACERM 81mm HE,500,2,scout/bomber drone spotter,1,150,150,-100.0,245,0,245.0,90,True,2.0
M252 81mm,ACERM 81mm HE,500,2,full gucci: player sensors/RF/EPLRS + drone,1,10,10,-100.0,9,0,9.0,90,False,1.0
M252 81mm,ACERM 81mm HE,500,2,plain spotter,1,200,200,-100.0,338,0,338.0,90,True,2.0
M252 81mm,ACERM 81mm HE,500,2,SOFLAM rangefinder,1,40,70,-100.0,38,0,38.0,90,False,1.0
M252 81mm,ACERM 81mm HE,500,2,scout/bomber drone spotter,1,100,100,-100.0,150,0,150.0,90,True,1.5
M252 81mm,ACERM 81mm HE,500,2,full gucci: player sensors/RF/EPLRS + drone,1,10,10,-100.0,9,0,9.0,90,False,1.0
M252 81mm,ACERM 81mm HE,500,0,plain spotter,1,300,300,-100.0,409,0,409.0,90,True,2.0
M252 81mm,ACERM 81mm HE,500,0,SOFLAM rangefinder,1,50,100,-100.0,46,0,46.0,90,False,1.0
M252 81mm,ACERM 81mm HE,500,0,scout/bomber drone spotter,1,150,150,-100.0,242,0,242.0,90,True,2.0
M252 81mm,ACERM 81mm HE,500,0,full gucci: player sensors/RF/EPLRS + drone,1,10,10,-100.0,9,0,9.0,90,False,1.0
M252 81mm,ACERM 81mm HE,500,0,plain spotter,1,200,200,-100.0,331,0,331.0,90,True,2.0
M252 81mm,ACERM 81mm HE,500,0,SOFLAM rangefinder,1,40,70,-100.0,38,0,38.0,90,False,1.0
M252 81mm,ACERM 81mm HE,500,0,scout/bomber drone spotter,1,100,100,-100.0,150,0,150.0,90,True,1.5
M252 81mm,ACERM 81mm HE,500,0,full gucci: player sensors/RF/EPLRS + drone,1,10,10,-100.0,9,0,9.0,90,False,1.0
M252 81mm,ACERM 81mm HE,500,1,plain spotter,1,300,300,-100.0,408,0,408.0,90,True,2.0
M252 81mm,ACERM 81mm HE,500,1,SOFLAM rangefinder,1,50,100,-100.0,46,0,46.0,90,False,1.0
M252 81mm,ACERM 81mm HE,500,1,scout/bomber drone spotter,1,150,150,-100.0,242,0,242.0,90,True,2.0
M252 81mm,ACERM 81mm HE,500,1,full gucci: player sensors/RF/EPLRS + drone,1,10,10,-100.0,9,0,9.0,90,False,1.0
M252 81mm,ACERM 81mm HE,500,1,plain spotter,1,200,200,-100.0,331,0,331.0,90,True,2.0
M252 81mm,ACERM 81mm HE,500,1,SOFLAM rangefinder,1,40,70,-100.0,38,0,38.0,90,False,1.0
M252 81mm,ACERM 81mm HE,500,1,scout/bomber drone spotter,1,100,100,-100.0,150,0,150.0,90,True,1.5
M252 81mm,ACERM 81mm HE,500,1,full gucci: player sensors/RF/EPLRS + drone,1,10,10,-100.0,9,0,9.0,90,False,1.0
M252 81mm,ACERM 81mm HE,500,1,plain spotter,1,300,300,-100.0,407,0,407.0,90,True,2.0
M252 81mm,ACERM 81mm HE,500,1,SOFLAM rangefinder,1,50,100,-100.0,46,0,46.0,90,False,1.0
M252 81mm,ACERM 81mm HE,500,1,scout/bomber drone spotter,1,150,150,-100.0,242,0,242.0,90,True,2.0
M252 81mm,ACERM 81mm HE,500,1,full gucci: player sensors/RF/EPLRS + drone,1,10,10,-100.0,9,0,9.0,90,False,1.0
M252 81mm,ACERM 81mm HE,500,1,plain spotter,1,200,200,-100.0,331,0,331.0,90,True,2.0
M252 81mm,ACERM 81mm HE,500,1,SOFLAM rangefinder,1,40,70,-100.0,38,0,38.0,90,False,1.0
M252 81mm,ACERM 81mm HE,500,1,scout/bomber drone spotter,1,100,100,-100.0,150,0,150.0,90,True,1.5
M252 81mm,ACERM 81mm HE,500,1,full gucci: player sensors/RF/EPLRS + drone,1,10,10,-100.0,9,0,9.0,90,False,1.0
M252 81mm,ACERM 81mm HE,500,1,plain spotter,1,300,300,-100.0,407,0,407.0,90,True,2.0
M252 81mm,ACERM 81mm HE,500,1,SOFLAM rangefinder,1,50,100,-100.0,46,0,46.0,90,False,1.0
M252 81mm,ACERM 81mm HE,500,1,scout/bomber drone spotter,1,150,150,-100.0,242,0,242.0,90,True,2.0
M252 81mm,ACERM 81mm HE,500,1,full gucci: player sensors/RF/EPLRS + drone,1,10,10,-100.0,9,0,9.0,90,False,1.0
M252 81mm,ACERM 81mm HE,500,1,plain spotter,1,200,200,-100.0,331,0,331.0,90,True,2.0
M252 81mm,ACERM 81mm HE,500,1,SOFLAM rangefinder,1,40,70,-100.0,38,0,38.0,90,False,1.0
M252 81mm,ACERM 81mm HE,500,1,scout/bomber drone spotter,1,100,100,-100.0,150,0,150.0,90,True,1.5
M252 81mm,ACERM 81mm HE,500,1,full gucci: player sensors/RF/EPLRS + drone,1,10,10,-100.0,9,0,9.0,90,False,1.0
M252 81mm,ACERM 81mm HE,500,2,plain spotter,1,300,300,-100.0,407,0,407.0,90,True,2.0
M252 81mm,ACERM 81mm HE,500,2,SOFLAM rangefinder,1,50,100,-100.0,46,0,46.0,90,False,1.0
M252 81mm,ACERM 81mm HE,500,2,scout/bomber drone spotter,1,150,150,-100.0,242,0,242.0,90,True,2.0
M252 81mm,ACERM 81mm HE,500,2,full gucci: player sensors/RF/EPLRS + drone,1,10,10,-100.0,9,0,9.0,90,False,1.0
M252 81mm,ACERM 81mm HE,500,2,plain spotter,1,200,200,-100.0,331,0,331.0,90,True,2.0
M252 81mm,ACERM 81mm HE,500,2,SOFLAM rangefinder,1,40,70,-100.0,38,0,38.0,90,False,1.0
M252 81mm,ACERM 81mm HE,500,2,scout/bomber drone spotter,1,100,100,-100.0,150,0,150.0,90,True,1.5
M252 81mm,ACERM 81mm HE,500,2,full gucci: player sensors/RF/EPLRS + drone,1,10,10,-100.0,9,0,9.0,90,False,1.0
M252 81mm,ACERM 81mm HE,500,2,plain spotter,1,300,300,-100.0,407,0,407.0,90,True,2.0
M252 81mm,ACERM 81mm HE,500,2,SOFLAM rangefinder,1,50,100,-100.0,46,0,46.0,90,False,1.0
M252 81mm,ACERM 81mm HE,500,2,scout/bomber drone spotter,1,150,150,-100.0,242,0,242.0,90,True,2.0
M252 81mm,ACERM 81mm HE,500,2,full gucci: player sensors/RF/EPLRS + drone,1,10,10,-100.0,9,0,9.0,90,False,1.0
M252 81mm,ACERM 81mm HE,500,2,plain spotter,1,200,200,-100.0,331,0,331.0,90,True,2.0
M252 81mm,ACERM 81mm HE,500,2,SOFLAM rangefinder,1,40,70,-100.0,38,0,38.0,90,False,1.0
M252 81mm,ACERM 81mm HE,500,2,scout/bomber drone spotter,1,100,100,-100.0,150,0,150.0,90,True,1.5
M252 81mm,ACERM 81mm HE,500,2,full gucci: player sensors/RF/EPLRS + drone,1,10,10,-100.0,9,0,9.0,90,False,1.0
M252 81mm,ACERM 81mm HE,500,2,plain spotter,1,300,300,-100.0,407,0,407.0,90,True,2.0
M252 81mm,ACERM 81mm HE,500,2,SOFLAM rangefinder,1,50,100,-100.0,46,0,46.0,90,False,1.0
M252 81mm,ACERM 81mm HE,500,2,scout/bomber drone spotter,1,150,150,-100.0,242,0,242.0,90,True,2.0
M252 81mm,ACERM 81mm HE,500,2,full gucci: player sensors/RF/EPLRS + drone,1,10,10,-100.0,9,0,9.0,90,False,1.0
M252 81mm,ACERM 81mm HE,500,2,plain spotter,1,200,200,-100.0,331,0,331.0,90,True,2.0
M252 81mm,ACERM 81mm HE,500,2,SOFLAM rangefinder,1,40,70,-100.0,38,0,38.0,90,False,1.0
M252 81mm,ACERM 81mm HE,500,2,scout/bomber drone spotter,1,100,100,-100.0,150,0,150.0,90,True,1.5
M252 81mm,ACERM 81mm HE,500,2,full gucci: player sensors/RF/EPLRS + drone,1,10,10,-100.0,9,0,9.0,90,False,1.0
M252 81mm,ACERM 81mm HE,500,0,plain spotter,1,300,300,-100.0,407,0,407.0,90,True,2.0
M252 81mm,ACERM 81mm HE,500,0,SOFLAM rangefinder,1,50,100,-100.0,46,0,46.0,90,False,1.0
M252 81mm,ACERM 81mm HE,500,0,scout/bomber drone spotter,1,150,150,-100.0,242,0,242.0,90,True,2.0
M252 81mm,ACERM 81mm HE,500,0,full gucci: player sensors/RF/EPLRS + drone,1,10,10,-100.0,9,0,9.0,90,False,1.0
M252 81mm,ACERM 81mm HE,500,0,plain spotter,1,200,200,-100.0,331,0,331.0,90,True,2.0
M252 81mm,ACERM 81mm HE,500,0,SOFLAM rangefinder,1,40,70,-100.0,38,0,38.0,90,False,1.0
M252 81mm,ACERM 81mm HE,500,0,scout/bomber drone spotter,1,100,100,-100.0,150,0,150.0,90,True,1.5
M252 81mm,ACERM 81mm HE,500,0,full gucci: player sensors/RF/EPLRS + drone,1,10,10,-100.0,9,0,9.0,90,False,1.0
M252 81mm,ACERM 81mm HE,500,1,plain spotter,1,300,300,-100.0,407,0,407.0,90,True,2.0
M252 81mm,ACERM 81mm HE,500,1,SOFLAM rangefinder,1,50,100,-100.0,46,0,46.0,90,False,1.0
M252 81mm,ACERM 81mm HE,500,1,scout/bomber drone spotter,1,150,150,-100.0,242,0,242.0,90,True,2.0
M252 81mm,ACERM 81mm HE,500,1,full gucci: player sensors/RF/EPLRS + drone,1,10,10,-100.0,9,0,9.0,90,False,1.0
M252 81mm,ACERM 81mm HE,500,1,plain spotter,1,200,200,-100.0,331,0,331.0,90,True,2.0
M252 81mm,ACERM 81mm HE,500,1,SOFLAM rangefinder,1,40,70,-100.0,38,0,38.0,90,False,1.0
M252 81mm,ACERM 81mm HE,500,1,scout/bomber drone spotter,1,100,100,-100.0,150,0,150.0,90,True,1.5
M252 81mm,ACERM 81mm HE,500,1,full gucci: player sensors/RF/EPLRS + drone,1,10,10,-100.0,9,0,9.0,90,False,1.0
M252 81mm,ACERM 81mm HE,500,1,plain spotter,1,300,300,-100.0,407,0,407.0,90,True,2.0
M252 81mm,ACERM 81mm HE,500,1,SOFLAM rangefinder,1,50,100,-100.0,46,0,46.0,90,False,1.0
M252 81mm,ACERM 81mm HE,500,1,scout/bomber drone spotter,1,150,150,-100.0,242,0,242.0,90,True,2.0
M252 81mm,ACERM 81mm HE,500,1,full gucci: player sensors/RF/EPLRS + drone,1,10,10,-100.0,9,0,9.0,90,False,1.0
M252 81mm,ACERM 81mm HE,500,1,plain spotter,1,200,200,-100.0,331,0,331.0,90,True,2.0
M252 81mm,ACERM 81mm HE,500,1,SOFLAM rangefinder,1,40,70,-100.0,38,0,38.0,90,False,1.0
M252 81mm,ACERM 81mm HE,500,1,scout/bomber drone spotter,1,100,100,-100.0,150,0,150.0,90,True,1.5
M252 81mm,ACERM 81mm HE,500,1,full gucci: player sensors/RF/EPLRS + drone,1,10,10,-100.0,9,0,9.0,90,False,1.0
M252 81mm,ACERM 81mm HE,500,1,plain spotter,1,300,300,-100.0,407,0,407.0,90,True,2.0
M252 81mm,ACERM 81mm HE,500,1,SOFLAM rangefinder,1,50,100,-100.0,46,0,46.0,90,False,1.0
M252 81mm,ACERM 81mm HE,500,1,scout/bomber drone spotter,1,150,150,-100.0,242,0,242.0,90,True,2.0
M252 81mm,ACERM 81mm HE,500,1,full gucci: player sensors/RF/EPLRS + drone,1,10,10,-100.0,9,0,9.0,90,False,1.0
M252 81mm,ACERM 81mm HE,500,1,plain spotter,1,200,200,-100.0,331,0,331.0,90,True,2.0
M252 81mm,ACERM 81mm HE,500,1,SOFLAM rangefinder,1,40,70,-100.0,38,0,38.0,90,False,1.0
M252 81mm,ACERM 81mm HE,500,1,scout/bomber drone spotter,1,100,100,-100.0,150,0,150.0,90,True,1.5
M252 81mm,ACERM 81mm HE,500,1,full gucci: player sensors/RF/EPLRS + drone,1,10,10,-100.0,9,0,9.0,90,False,1.0
M252 81mm,ACERM 81mm HE,500,2,plain spotter,1,300,300,-100.0,407,0,407.0,90,True,2.0
M252 81mm,ACERM 81mm HE,500,2,SOFLAM rangefinder,1,50,100,-100.0,46,0,46.0,90,False,1.0
M252 81mm,ACERM 81mm HE,500,2,scout/bomber drone spotter,1,150,150,-100.0,242,0,242.0,90,True,2.0
M252 81mm,ACERM 81mm HE,500,2,full gucci: player sensors/RF/EPLRS + drone,1,10,10,-100.0,9,0,9.0,90,False,1.0
M252 81mm,ACERM 81mm HE,500,2,plain spotter,1,200,200,-100.0,331,0,331.0,90,True,2.0
M252 81mm,ACERM 81mm HE,500,2,SOFLAM rangefinder,1,40,70,-100.0,38,0,38.0,90,False,1.0
M252 81mm,ACERM 81mm HE,500,2,scout/bomber drone spotter,1,100,100,-100.0,150,0,150.0,90,True,1.5
M252 81mm,ACERM 81mm HE,500,2,full gucci: player sensors/RF/EPLRS + drone,1,10,10,-100.0,9,0,9.0,90,False,1.0
M252 81mm,ACERM 81mm HE,500,2,plain spotter,1,300,300,-100.0,407,0,407.0,90,True,2.0
M252 81mm,ACERM 81mm HE,500,2,SOFLAM rangefinder,1,50,100,-100.0,46,0,46.0,90,False,1.0
M252 81mm,ACERM 81mm HE,500,2,scout/bomber drone spotter,1,150,150,-100.0,242,0,242.0,90,True,2.0
M252 81mm,ACERM 81mm HE,500,2,full gucci: player sensors/RF/EPLRS + drone,1,10,10,-100.0,9,0,9.0,90,False,1.0
M252 81mm,ACERM 81mm HE,500,2,plain spotter,1,200,200,-100.0,331,0,331.0,90,True,2.0
M252 81mm,ACERM 81mm HE,500,2,SOFLAM rangefinder,1,40,70,-100.0,38,0,38.0,90,False,1.0
M252 81mm,ACERM 81mm HE,500,2,scout/bomber drone spotter,1,100,100,-100.0,150,0,150.0,90,True,1.5
M252 81mm,ACERM 81mm HE,500,2,full gucci: player sensors/RF/EPLRS + drone,1,10,10,-100.0,9,0,9.0,90,False,1.0
M252 81mm,ACERM 81mm HE,500,2,plain spotter,1,300,300,-100.0,407,0,407.0,90,True,2.0
M252 81mm,ACERM 81mm HE,500,2,SOFLAM rangefinder,1,50,100,-100.0,46,0,46.0,90,False,1.0
M252 81mm,ACERM 81mm HE,500,2,scout/bomber drone spotter,1,150,150,-100.0,242,0,242.0,90,True,2.0
M252 81mm,ACERM 81mm HE,500,2,full gucci: player sensors/RF/EPLRS + drone,1,10,10,-100.0,9,0,9.0,90,False,1.0
M252 81mm,ACERM 81mm HE,500,2,plain spotter,1,200,200,-100.0,331,0,331.0,90,True,2.0
M252 81mm,ACERM 81mm HE,500,2,SOFLAM rangefinder,1,40,70,-100.0,38,0,38.0,90,False,1.0
M252 81mm,ACERM 81mm HE,500,2,scout/bomber drone spotter,1,100,100,-100.0,150,0,150.0,90,True,1.5
M252 81mm,ACERM 81mm HE,500,2,full gucci: player sensors/RF/EPLRS + drone,1,10,10,-100.0,9,0,9.0,90,False,1.0
M252 81mm,ACERM 81mm HE,1000,0,plain spotter,1,300,300,-100.0,480,0,480.0,90,True,2.0
M252 81mm,ACERM 81mm HE,1000,0,SOFLAM rangefinder,1,70,100,-100.0,99,0,99.0,90,True,1.5
M252 81mm,ACERM 81mm HE,1000,0,scout/bomber drone spotter,1,150,150,-100.0,282,0,282.0,90,True,2.0
M252 81mm,ACERM 81mm HE,1000,0,full gucci: player sensors/RF/EPLRS + drone,1,20,15,-100.0,17,0,17.0,90,False,1.0
M252 81mm,ACERM 81mm HE,1000,0,plain spotter,1,200,200,-100.0,394,0,394.0,90,True,2.0
M252 81mm,ACERM 81mm HE,1000,0,SOFLAM rangefinder,1,70,100,-100.0,77,0,77.0,90,True,1.5
M252 81mm,ACERM 81mm HE,1000,0,scout/bomber drone spotter,1,150,150,-100.0,226,0,226.0,90,True,2.0
M252 81mm,ACERM 81mm HE,1000,0,full gucci: player sensors/RF/EPLRS + drone,1,20,15,-100.0,17,0,17.0,90,False,1.0
M252 81mm,ACERM 81mm HE,1000,1,plain spotter,1,300,300,-100.0,472,0,472.0,90,True,2.0
M252 81mm,ACERM 81mm HE,1000,1,SOFLAM rangefinder,1,70,100,-100.0,92,0,92.0,90,True,1.5
M252 81mm,ACERM 81mm HE,1000,1,scout/bomber drone spotter,1,150,150,-100.0,273,0,273.0,90,True,2.0
M252 81mm,ACERM 81mm HE,1000,1,full gucci: player sensors/RF/EPLRS + drone,1,20,15,-100.0,17,0,17.0,90,False,1.0
M252 81mm,ACERM 81mm HE,1000,1,plain spotter,1,200,200,-100.0,385,0,385.0,90,True,2.0
M252 81mm,ACERM 81mm HE,1000,1,SOFLAM rangefinder,1,50,100,-100.0,47,0,47.0,90,False,1.0
M252 81mm,ACERM 81mm HE,1000,1,scout/bomber drone spotter,1,150,150,-100.0,217,0,217.0,90,True,2.0
M252 81mm,ACERM 81mm HE,1000,1,full gucci: player sensors/RF/EPLRS + drone,1,20,15,-100.0,17,0,17.0,90,False,1.0
M252 81mm,ACERM 81mm HE,1000,1,plain spotter,1,300,300,-100.0,469,0,469.0,90,True,2.0
M252 81mm,ACERM 81mm HE,1000,1,SOFLAM rangefinder,1,70,100,-100.0,91,0,91.0,90,True,1.5
M252 81mm,ACERM 81mm HE,1000,1,scout/bomber drone spotter,1,150,150,-100.0,271,0,271.0,90,True,2.0
M252 81mm,ACERM 81mm HE,1000,1,full gucci: player sensors/RF/EPLRS + drone,1,20,15,-100.0,17,0,17.0,90,False,1.0
M252 81mm,ACERM 81mm HE,1000,1,plain spotter,1,200,200,-100.0,383,0,383.0,90,True,2.0
M252 81mm,ACERM 81mm HE,1000,1,SOFLAM rangefinder,1,50,100,-100.0,47,0,47.0,90,False,1.0
M252 81mm,ACERM 81mm HE,1000,1,scout/bomber drone spotter,1,150,150,-100.0,215,0,215.0,90,True,2.0
M252 81mm,ACERM 81mm HE,1000,1,full gucci: player sensors/RF/EPLRS + drone,1,20,15,-100.0,17,0,17.0,90,False,1.0
M252 81mm,ACERM 81mm HE,1000,1,plain spotter,1,300,300,-100.0,469,0,469.0,90,True,2.0
M252 81mm,ACERM 81mm HE,1000,1,SOFLAM rangefinder,1,70,100,-100.0,91,0,91.0,90,True,1.5
M252 81mm,ACERM 81mm HE,1000,1,scout/bomber drone spotter,1,150,150,-100.0,271,0,271.0,90,True,2.0
M252 81mm,ACERM 81mm HE,1000,1,full gucci: player sensors/RF/EPLRS + drone,1,20,15,-100.0,17,0,17.0,90,False,1.0
M252 81mm,ACERM 81mm HE,1000,1,plain spotter,1,200,200,-100.0,383,0,383.0,90,True,2.0
M252 81mm,ACERM 81mm HE,1000,1,SOFLAM rangefinder,1,50,100,-100.0,47,0,47.0,90,False,1.0
M252 81mm,ACERM 81mm HE,1000,1,scout/bomber drone spotter,1,150,150,-100.0,215,0,215.0,90,True,2.0
M252 81mm,ACERM 81mm HE,1000,1,full gucci: player sensors/RF/EPLRS + drone,1,20,15,-100.0,17,0,17.0,90,False,1.0
M252 81mm,ACERM 81mm HE,1000,2,plain spotter,1,300,300,-100.0,468,0,468.0,90,True,2.0
M252 81mm,ACERM 81mm HE,1000,2,SOFLAM rangefinder,1,70,100,-100.0,90,0,90.0,90,True,1.5
M252 81mm,ACERM 81mm HE,1000,2,scout/bomber drone spotter,1,150,150,-100.0,270,0,270.0,90,True,2.0
M252 81mm,ACERM 81mm HE,1000,2,full gucci: player sensors/RF/EPLRS + drone,1,20,15,-100.0,17,0,17.0,90,False,1.0
M252 81mm,ACERM 81mm HE,1000,2,plain spotter,1,200,200,-100.0,382,0,382.0,90,True,2.0
M252 81mm,ACERM 81mm HE,1000,2,SOFLAM rangefinder,1,50,100,-100.0,47,0,47.0,90,False,1.0
M252 81mm,ACERM 81mm HE,1000,2,scout/bomber drone spotter,1,150,150,-100.0,215,0,215.0,90,True,2.0
M252 81mm,ACERM 81mm HE,1000,2,full gucci: player sensors/RF/EPLRS + drone,1,20,15,-100.0,17,0,17.0,90,False,1.0
M252 81mm,ACERM 81mm HE,1000,2,plain spotter,1,300,300,-100.0,461,0,461.0,90,True,2.0
M252 81mm,ACERM 81mm HE,1000,2,SOFLAM rangefinder,1,70,100,-100.0,85,0,85.0,90,True,1.5
M252 81mm,ACERM 81mm HE,1000,2,scout/bomber drone spotter,1,150,150,-100.0,263,0,263.0,90,True,2.0
M252 81mm,ACERM 81mm HE,1000,2,full gucci: player sensors/RF/EPLRS + drone,1,20,15,-100.0,17,0,17.0,90,False,1.0
M252 81mm,ACERM 81mm HE,1000,2,plain spotter,1,200,200,-100.0,375,0,375.0,90,True,2.0
M252 81mm,ACERM 81mm HE,1000,2,SOFLAM rangefinder,1,50,100,-100.0,47,0,47.0,90,False,1.0
M252 81mm,ACERM 81mm HE,1000,2,scout/bomber drone spotter,1,150,150,-100.0,215,0,215.0,90,True,2.0
M252 81mm,ACERM 81mm HE,1000,2,full gucci: player sensors/RF/EPLRS + drone,1,20,15,-100.0,17,0,17.0,90,False,1.0
M252 81mm,ACERM 81mm HE,1000,2,plain spotter,1,300,300,-100.0,461,0,461.0,90,True,2.0
M252 81mm,ACERM 81mm HE,1000,2,SOFLAM rangefinder,1,70,100,-100.0,85,0,85.0,90,True,1.5
M252 81mm,ACERM 81mm HE,1000,2,scout/bomber drone spotter,1,150,150,-100.0,263,0,263.0,90,True,2.0
M252 81mm,ACERM 81mm HE,1000,2,full gucci: player sensors/RF/EPLRS + drone,1,20,15,-100.0,17,0,17.0,90,False,1.0
M252 81mm,ACERM 81mm HE,1000,2,plain spotter,1,200,200,-100.0,375,0,375.0,90,True,2.0
M252 81mm,ACERM 81mm HE,1000,2,SOFLAM rangefinder,1,50,100,-100.0,47,0,47.0,90,False,1.0
M252 81mm,ACERM 81mm HE,1000,2,scout/bomber drone spotter,1,150,150,-100.0,215,0,215.0,90,True,2.0
M252 81mm,ACERM 81mm HE,1000,2,full gucci: player sensors/RF/EPLRS + drone,1,20,15,-100.0,17,0,17.0,90,False,1.0
M252 81mm,ACERM 81mm HE,1000,0,plain spotter,1,300,300,-100.0,444,0,444.0,90,True,2.0
M252 81mm,ACERM 81mm HE,1000,0,SOFLAM rangefinder,1,70,100,-100.0,82,0,82.0,90,True,1.5
M252 81mm,ACERM 81mm HE,1000,0,scout/bomber drone spotter,1,150,150,-100.0,257,0,257.0,90,True,2.0
M252 81mm,ACERM 81mm HE,1000,0,full gucci: player sensors/RF/EPLRS + drone,1,20,15,-100.0,17,0,17.0,90,False,1.0
M252 81mm,ACERM 81mm HE,1000,0,plain spotter,1,200,200,-100.0,360,0,360.0,90,True,2.0
M252 81mm,ACERM 81mm HE,1000,0,SOFLAM rangefinder,1,50,100,-100.0,47,0,47.0,90,False,1.0
M252 81mm,ACERM 81mm HE,1000,0,scout/bomber drone spotter,1,150,150,-100.0,215,0,215.0,90,True,2.0
M252 81mm,ACERM 81mm HE,1000,0,full gucci: player sensors/RF/EPLRS + drone,1,20,15,-100.0,17,0,17.0,90,False,1.0
M252 81mm,ACERM 81mm HE,1000,1,plain spotter,1,300,300,-100.0,442,0,442.0,90,True,2.0
M252 81mm,ACERM 81mm HE,1000,1,SOFLAM rangefinder,1,70,100,-100.0,82,0,82.0,90,True,1.5
M252 81mm,ACERM 81mm HE,1000,1,scout/bomber drone spotter,1,150,150,-100.0,257,0,257.0,90,True,2.0
M252 81mm,ACERM 81mm HE,1000,1,full gucci: player sensors/RF/EPLRS + drone,1,20,15,-100.0,17,0,17.0,90,False,1.0
M252 81mm,ACERM 81mm HE,1000,1,plain spotter,1,200,200,-100.0,360,0,360.0,90,True,2.0
M252 81mm,ACERM 81mm HE,1000,1,SOFLAM rangefinder,1,50,100,-100.0,47,0,47.0,90,False,1.0
M252 81mm,ACERM 81mm HE,1000,1,scout/bomber drone spotter,1,150,150,-100.0,215,0,215.0,90,True,2.0
M252 81mm,ACERM 81mm HE,1000,1,full gucci: player sensors/RF/EPLRS + drone,1,20,15,-100.0,17,0,17.0,90,False,1.0
M252 81mm,ACERM 81mm HE,1000,1,plain spotter,1,300,300,-100.0,439,0,439.0,90,True,2.0
M252 81mm,ACERM 81mm HE,1000,1,SOFLAM rangefinder,1,70,100,-100.0,82,0,82.0,90,True,1.5
M252 81mm,ACERM 81mm HE,1000,1,scout/bomber drone spotter,1,150,150,-100.0,257,0,257.0,90,True,2.0
M252 81mm,ACERM 81mm HE,1000,1,full gucci: player sensors/RF/EPLRS + drone,1,20,15,-100.0,17,0,17.0,90,False,1.0
M252 81mm,ACERM 81mm HE,1000,1,plain spotter,1,200,200,-100.0,360,0,360.0,90,True,2.0
M252 81mm,ACERM 81mm HE,1000,1,SOFLAM rangefinder,1,50,100,-100.0,47,0,47.0,90,False,1.0
M252 81mm,ACERM 81mm HE,1000,1,scout/bomber drone spotter,1,150,150,-100.0,215,0,215.0,90,True,2.0
M252 81mm,ACERM 81mm HE,1000,1,full gucci: player sensors/RF/EPLRS + drone,1,20,15,-100.0,17,0,17.0,90,False,1.0
M252 81mm,ACERM 81mm HE,1000,1,plain spotter,1,300,300,-100.0,439,0,439.0,90,True,2.0
M252 81mm,ACERM 81mm HE,1000,1,SOFLAM rangefinder,1,70,100,-100.0,82,0,82.0,90,True,1.5
M252 81mm,ACERM 81mm HE,1000,1,scout/bomber drone spotter,1,150,150,-100.0,257,0,257.0,90,True,2.0
M252 81mm,ACERM 81mm HE,1000,1,full gucci: player sensors/RF/EPLRS + drone,1,20,15,-100.0,17,0,17.0,90,False,1.0
M252 81mm,ACERM 81mm HE,1000,1,plain spotter,1,200,200,-100.0,360,0,360.0,90,True,2.0
M252 81mm,ACERM 81mm HE,1000,1,SOFLAM rangefinder,1,50,100,-100.0,47,0,47.0,90,False,1.0
M252 81mm,ACERM 81mm HE,1000,1,scout/bomber drone spotter,1,150,150,-100.0,215,0,215.0,90,True,2.0
M252 81mm,ACERM 81mm HE,1000,1,full gucci: player sensors/RF/EPLRS + drone,1,20,15,-100.0,17,0,17.0,90,False,1.0
M252 81mm,ACERM 81mm HE,1000,2,plain spotter,1,300,300,-100.0,439,0,439.0,90,True,2.0
M252 81mm,ACERM 81mm HE,1000,2,SOFLAM rangefinder,1,70,100,-100.0,82,0,82.0,90,True,1.5
M252 81mm,ACERM 81mm HE,1000,2,scout/bomber drone spotter,1,150,150,-100.0,257,0,257.0,90,True,2.0
M252 81mm,ACERM 81mm HE,1000,2,full gucci: player sensors/RF/EPLRS + drone,1,20,15,-100.0,17,0,17.0,90,False,1.0
M252 81mm,ACERM 81mm HE,1000,2,plain spotter,1,200,200,-100.0,360,0,360.0,90,True,2.0
M252 81mm,ACERM 81mm HE,1000,2,SOFLAM rangefinder,1,50,100,-100.0,47,0,47.0,90,False,1.0
M252 81mm,ACERM 81mm HE,1000,2,scout/bomber drone spotter,1,150,150,-100.0,215,0,215.0,90,True,2.0
M252 81mm,ACERM 81mm HE,1000,2,full gucci: player sensors/RF/EPLRS + drone,1,20,15,-100.0,17,0,17.0,90,False,1.0
M252 81mm,ACERM 81mm HE,1000,2,plain spotter,1,300,300,-100.0,439,0,439.0,90,True,2.0
M252 81mm,ACERM 81mm HE,1000,2,SOFLAM rangefinder,1,70,100,-100.0,82,0,82.0,90,True,1.5
M252 81mm,ACERM 81mm HE,1000,2,scout/bomber drone spotter,1,150,150,-100.0,257,0,257.0,90,True,2.0
M252 81mm,ACERM 81mm HE,1000,2,full gucci: player sensors/RF/EPLRS + drone,1,20,15,-100.0,17,0,17.0,90,False,1.0
M252 81mm,ACERM 81mm HE,1000,2,plain spotter,1,200,200,-100.0,360,0,360.0,90,True,2.0
M252 81mm,ACERM 81mm HE,1000,2,SOFLAM rangefinder,1,50,100,-100.0,47,0,47.0,90,False,1.0
M252 81mm,ACERM 81mm HE,1000,2,scout/bomber drone spotter,1,150,150,-100.0,215,0,215.0,90,True,2.0
M252 81mm,ACERM 81mm HE,1000,2,full gucci: player sensors/RF/EPLRS + drone,1,20,15,-100.0,17,0,17.0,90,False,1.0
M252 81mm,ACERM 81mm HE,1000,2,plain spotter,1,300,300,-100.0,439,0,439.0,90,True,2.0
M252 81mm,ACERM 81mm HE,1000,2,SOFLAM rangefinder,1,70,100,-100.0,82,0,82.0,90,True,1.5
M252 81mm,ACERM 81mm HE,1000,2,scout/bomber drone spotter,1,150,150,-100.0,257,0,257.0,90,True,2.0
M252 81mm,ACERM 81mm HE,1000,2,full gucci: player sensors/RF/EPLRS + drone,1,20,15,-100.0,17,0,17.0,90,False,1.0
M252 81mm,ACERM 81mm HE,1000,2,plain spotter,1,200,200,-100.0,360,0,360.0,90,True,2.0
M252 81mm,ACERM 81mm HE,1000,2,SOFLAM rangefinder,1,50,100,-100.0,47,0,47.0,90,False,1.0
M252 81mm,ACERM 81mm HE,1000,2,scout/bomber drone spotter,1,150,150,-100.0,215,0,215.0,90,True,2.0
M252 81mm,ACERM 81mm HE,1000,2,full gucci: player sensors/RF/EPLRS + drone,1,20,15,-100.0,17,0,17.0,90,False,1.0
M252 81mm,ACERM 81mm HE,1000,0,plain spotter,1,300,300,-100.0,439,0,439.0,90,True,2.0
M252 81mm,ACERM 81mm HE,1000,0,SOFLAM rangefinder,1,70,100,-100.0,82,0,82.0,90,True,1.5
M252 81mm,ACERM 81mm HE,1000,0,scout/bomber drone spotter,1,150,150,-100.0,257,0,257.0,90,True,2.0
M252 81mm,ACERM 81mm HE,1000,0,full gucci: player sensors/RF/EPLRS + drone,1,20,15,-100.0,17,0,17.0,90,False,1.0
M252 81mm,ACERM 81mm HE,1000,0,plain spotter,1,200,200,-100.0,360,0,360.0,90,True,2.0
M252 81mm,ACERM 81mm HE,1000,0,SOFLAM rangefinder,1,50,100,-100.0,47,0,47.0,90,False,1.0
M252 81mm,ACERM 81mm HE,1000,0,scout/bomber drone spotter,1,150,150,-100.0,215,0,215.0,90,True,2.0
M252 81mm,ACERM 81mm HE,1000,0,full gucci: player sensors/RF/EPLRS + drone,1,20,15,-100.0,17,0,17.0,90,False,1.0
M252 81mm,ACERM 81mm HE,1000,1,plain spotter,1,300,300,-100.0,439,0,439.0,90,True,2.0
M252 81mm,ACERM 81mm HE,1000,1,SOFLAM rangefinder,1,70,100,-100.0,82,0,82.0,90,True,1.5
M252 81mm,ACERM 81mm HE,1000,1,scout/bomber drone spotter,1,150,150,-100.0,257,0,257.0,90,True,2.0
M252 81mm,ACERM 81mm HE,1000,1,full gucci: player sensors/RF/EPLRS + drone,1,20,15,-100.0,17,0,17.0,90,False,1.0
M252 81mm,ACERM 81mm HE,1000,1,plain spotter,1,200,200,-100.0,360,0,360.0,90,True,2.0
M252 81mm,ACERM 81mm HE,1000,1,SOFLAM rangefinder,1,50,100,-100.0,47,0,47.0,90,False,1.0
M252 81mm,ACERM 81mm HE,1000,1,scout/bomber drone spotter,1,150,150,-100.0,215,0,215.0,90,True,2.0
M252 81mm,ACERM 81mm HE,1000,1,full gucci: player sensors/RF/EPLRS + drone,1,20,15,-100.0,17,0,17.0,90,False,1.0
M252 81mm,ACERM 81mm HE,1000,1,plain spotter,1,300,300,-100.0,439,0,439.0,90,True,2.0
M252 81mm,ACERM 81mm HE,1000,1,SOFLAM rangefinder,1,70,100,-100.0,82,0,82.0,90,True,1.5
M252 81mm,ACERM 81mm HE,1000,1,scout/bomber drone spotter,1,150,150,-100.0,257,0,257.0,90,True,2.0
M252 81mm,ACERM 81mm HE,1000,1,full gucci: player sensors/RF/EPLRS + drone,1,20,15,-100.0,17,0,17.0,90,False,1.0
M252 81mm,ACERM 81mm HE,1000,1,plain spotter,1,200,200,-100.0,360,0,360.0,90,True,2.0
M252 81mm,ACERM 81mm HE,1000,1,SOFLAM rangefinder,1,50,100,-100.0,47,0,47.0,90,False,1.0
M252 81mm,ACERM 81mm HE,1000,1,scout/bomber drone spotter,1,150,150,-100.0,215,0,215.0,90,True,2.0
M252 81mm,ACERM 81mm HE,1000,1,full gucci: player sensors/RF/EPLRS + drone,1,20,15,-100.0,17,0,17.0,90,False,1.0
M252 81mm,ACERM 81mm HE,1000,1,plain spotter,1,300,300,-100.0,439,0,439.0,90,True,2.0
M252 81mm,ACERM 81mm HE,1000,1,SOFLAM rangefinder,1,70,100,-100.0,82,0,82.0,90,True,1.5
M252 81mm,ACERM 81mm HE,1000,1,scout/bomber drone spotter,1,150,150,-100.0,257,0,257.0,90,True,2.0
M252 81mm,ACERM 81mm HE,1000,1,full gucci: player sensors/RF/EPLRS + drone,1,20,15,-100.0,17,0,17.0,90,False,1.0
M252 81mm,ACERM 81mm HE,1000,1,plain spotter,1,200,200,-100.0,360,0,360.0,90,True,2.0
M252 81mm,ACERM 81mm HE,1000,1,SOFLAM rangefinder,1,50,100,-100.0,47,0,47.0,90,False,1.0
M252 81mm,ACERM 81mm HE,1000,1,scout/bomber drone spotter,1,150,150,-100.0,215,0,215.0,90,True,2.0
M252 81mm,ACERM 81mm HE,1000,1,full gucci: player sensors/RF/EPLRS + drone,1,20,15,-100.0,17,0,17.0,90,False,1.0
M252 81mm,ACERM 81mm HE,1000,2,plain spotter,1,300,300,-100.0,439,0,439.0,90,True,2.0
M252 81mm,ACERM 81mm HE,1000,2,SOFLAM rangefinder,1,70,100,-100.0,82,0,82.0,90,True,1.5
M252 81mm,ACERM 81mm HE,1000,2,scout/bomber drone spotter,1,150,150,-100.0,257,0,257.0,90,True,2.0
M252 81mm,ACERM 81mm HE,1000,2,full gucci: player sensors/RF/EPLRS + drone,1,20,15,-100.0,17,0,17.0,90,False,1.0
M252 81mm,ACERM 81mm HE,1000,2,plain spotter,1,200,200,-100.0,360,0,360.0,90,True,2.0
M252 81mm,ACERM 81mm HE,1000,2,SOFLAM rangefinder,1,50,100,-100.0,47,0,47.0,90,False,1.0
M252 81mm,ACERM 81mm HE,1000,2,scout/bomber drone spotter,1,150,150,-100.0,215,0,215.0,90,True,2.0
M252 81mm,ACERM 81mm HE,1000,2,full gucci: player sensors/RF/EPLRS + drone,1,20,15,-100.0,17,0,17.0,90,False,1.0
M252 81mm,ACERM 81mm HE,1000,2,plain spotter,1,300,300,-100.0,439,0,439.0,90,True,2.0
M252 81mm,ACERM 81mm HE,1000,2,SOFLAM rangefinder,1,70,100,-100.0,82,0,82.0,90,True,1.5
M252 81mm,ACERM 81mm HE,1000,2,scout/bomber drone spotter,1,150,150,-100.0,257,0,257.0,90,True,2.0
M252 81mm,ACERM 81mm HE,1000,2,full gucci: player sensors/RF/EPLRS + drone,1,20,15,-100.0,17,0,17.0,90,False,1.0
M252 81mm,ACERM 81mm HE,1000,2,plain spotter,1,200,200,-100.0,360,0,360.0,90,True,2.0
M252 81mm,ACERM 81mm HE,1000,2,SOFLAM rangefinder,1,50,100,-100.0,47,0,47.0,90,False,1.0
M252 81mm,ACERM 81mm HE,1000,2,scout/bomber drone spotter,1,150,150,-100.0,215,0,215.0,90,True,2.0
M252 81mm,ACERM 81mm HE,1000,2,full gucci: player sensors/RF/EPLRS + drone,1,20,15,-100.0,17,0,17.0,90,False,1.0
M252 81mm,ACERM 81mm HE,1000,2,plain spotter,1,300,300,-100.0,439,0,439.0,90,True,2.0
M252 81mm,ACERM 81mm HE,1000,2,SOFLAM rangefinder,1,70,100,-100.0,82,0,82.0,90,True,1.5
M252 81mm,ACERM 81mm HE,1000,2,scout/bomber drone spotter,1,150,150,-100.0,257,0,257.0,90,True,2.0
M252 81mm,ACERM 81mm HE,1000,2,full gucci: player sensors/RF/EPLRS + drone,1,20,15,-100.0,17,0,17.0,90,False,1.0
M252 81mm,ACERM 81mm HE,1000,2,plain spotter,1,200,200,-100.0,360,0,360.0,90,True,2.0
M252 81mm,ACERM 81mm HE,1000,2,SOFLAM rangefinder,1,50,100,-100.0,47,0,47.0,90,False,1.0
M252 81mm,ACERM 81mm HE,1000,2,scout/bomber drone spotter,1,150,150,-100.0,215,0,215.0,90,True,2.0
M252 81mm,ACERM 81mm HE,1000,2,full gucci: player sensors/RF/EPLRS + drone,1,20,15,-100.0,17,0,17.0,90,False,1.0
M252 81mm,ACERM 81mm HE,3000,0,plain spotter,1,600,600,-100.0,705,0,705.0,90,True,2.0
M252 81mm,ACERM 81mm HE,3000,0,SOFLAM rangefinder,1,300,300,-100.0,481,0,481.0,90,True,2.0
M252 81mm,ACERM 81mm HE,3000,0,scout/bomber drone spotter,1,200,200,-100.0,391,0,391.0,90,True,2.0
M252 81mm,ACERM 81mm HE,3000,0,full gucci: player sensors/RF/EPLRS + drone,1,150,100,-100.0,243,0,243.0,90,True,2.0
M252 81mm,ACERM 81mm HE,3000,0,plain spotter,1,300,300,-100.0,597,0,597.0,90,True,2.0
M252 81mm,ACERM 81mm HE,3000,0,SOFLAM rangefinder,1,200,200,-100.0,398,0,398.0,90,True,2.0
M252 81mm,ACERM 81mm HE,3000,0,scout/bomber drone spotter,1,200,150,-100.0,310,0,310.0,90,True,2.0
M252 81mm,ACERM 81mm HE,3000,0,full gucci: player sensors/RF/EPLRS + drone,1,150,100,-100.0,203,0,203.0,90,True,2.0
M252 81mm,ACERM 81mm HE,3000,1,plain spotter,1,600,600,-100.0,683,0,683.0,90,True,2.0
M252 81mm,ACERM 81mm HE,3000,1,SOFLAM rangefinder,1,300,300,-100.0,456,0,456.0,90,True,2.0
M252 81mm,ACERM 81mm HE,3000,1,scout/bomber drone spotter,1,200,200,-100.0,364,0,364.0,90,True,2.0
M252 81mm,ACERM 81mm HE,3000,1,full gucci: player sensors/RF/EPLRS + drone,1,150,100,-100.0,218,0,218.0,90,True,2.0
M252 81mm,ACERM 81mm HE,3000,1,plain spotter,1,300,300,-100.0,573,0,573.0,90,True,2.0
M252 81mm,ACERM 81mm HE,3000,1,SOFLAM rangefinder,1,200,200,-100.0,371,0,371.0,90,True,2.0
M252 81mm,ACERM 81mm HE,3000,1,scout/bomber drone spotter,1,150,150,-100.0,281,0,281.0,90,True,2.0
M252 81mm,ACERM 81mm HE,3000,1,full gucci: player sensors/RF/EPLRS + drone,1,100,70,-100.0,132,0,132.0,90,True,1.5
M252 81mm,ACERM 81mm HE,3000,1,plain spotter,1,600,600,-100.0,673,0,673.0,90,True,2.0
M252 81mm,ACERM 81mm HE,3000,1,SOFLAM rangefinder,1,300,200,-100.0,448,0,448.0,90,True,2.0
M252 81mm,ACERM 81mm HE,3000,1,scout/bomber drone spotter,1,200,200,-100.0,357,0,357.0,90,True,2.0
M252 81mm,ACERM 81mm HE,3000,1,full gucci: player sensors/RF/EPLRS + drone,1,150,100,-100.0,210,0,210.0,90,True,2.0
M252 81mm,ACERM 81mm HE,3000,1,plain spotter,1,300,300,-100.0,564,0,564.0,90,True,2.0
M252 81mm,ACERM 81mm HE,3000,1,SOFLAM rangefinder,1,200,200,-100.0,365,0,365.0,90,True,2.0
M252 81mm,ACERM 81mm HE,3000,1,scout/bomber drone spotter,1,150,150,-100.0,276,0,276.0,90,True,2.0
M252 81mm,ACERM 81mm HE,3000,1,full gucci: player sensors/RF/EPLRS + drone,1,100,70,-100.0,127,0,127.0,90,True,1.5
M252 81mm,ACERM 81mm HE,3000,1,plain spotter,1,600,600,-100.0,673,0,673.0,90,True,2.0
M252 81mm,ACERM 81mm HE,3000,1,SOFLAM rangefinder,1,300,200,-100.0,448,0,448.0,90,True,2.0
M252 81mm,ACERM 81mm HE,3000,1,scout/bomber drone spotter,1,200,200,-100.0,357,0,357.0,90,True,2.0
M252 81mm,ACERM 81mm HE,3000,1,full gucci: player sensors/RF/EPLRS + drone,1,150,100,-100.0,210,0,210.0,90,True,2.0
M252 81mm,ACERM 81mm HE,3000,1,plain spotter,1,300,300,-100.0,564,0,564.0,90,True,2.0
M252 81mm,ACERM 81mm HE,3000,1,SOFLAM rangefinder,1,200,200,-100.0,365,0,365.0,90,True,2.0
M252 81mm,ACERM 81mm HE,3000,1,scout/bomber drone spotter,1,150,150,-100.0,276,0,276.0,90,True,2.0
M252 81mm,ACERM 81mm HE,3000,1,full gucci: player sensors/RF/EPLRS + drone,1,100,70,-100.0,127,0,127.0,90,True,1.5
M252 81mm,ACERM 81mm HE,3000,2,plain spotter,1,600,600,-100.0,669,0,669.0,90,True,2.0
M252 81mm,ACERM 81mm HE,3000,2,SOFLAM rangefinder,1,300,200,-100.0,445,0,445.0,90,True,2.0
M252 81mm,ACERM 81mm HE,3000,2,scout/bomber drone spotter,1,200,200,-100.0,355,0,355.0,90,True,2.0
M252 81mm,ACERM 81mm HE,3000,2,full gucci: player sensors/RF/EPLRS + drone,1,150,100,-100.0,206,0,206.0,90,True,2.0
M252 81mm,ACERM 81mm HE,3000,2,plain spotter,1,300,300,-100.0,561,0,561.0,90,True,2.0
M252 81mm,ACERM 81mm HE,3000,2,SOFLAM rangefinder,1,200,200,-100.0,362,0,362.0,90,True,2.0
M252 81mm,ACERM 81mm HE,3000,2,scout/bomber drone spotter,1,150,150,-100.0,275,0,275.0,90,True,2.0
M252 81mm,ACERM 81mm HE,3000,2,full gucci: player sensors/RF/EPLRS + drone,1,100,70,-100.0,125,0,125.0,90,True,1.5
M252 81mm,ACERM 81mm HE,3000,2,plain spotter,1,600,300,-100.0,649,0,649.0,90,True,2.0
M252 81mm,ACERM 81mm HE,3000,2,SOFLAM rangefinder,1,300,200,-100.0,425,0,425.0,90,True,2.0
M252 81mm,ACERM 81mm HE,3000,2,scout/bomber drone spotter,1,200,150,-100.0,336,0,336.0,90,True,2.0
M252 81mm,ACERM 81mm HE,3000,2,full gucci: player sensors/RF/EPLRS + drone,1,100,100,-100.0,140,0,140.0,90,True,1.5
M252 81mm,ACERM 81mm HE,3000,2,plain spotter,1,300,300,-100.0,541,0,541.0,90,True,2.0
M252 81mm,ACERM 81mm HE,3000,2,SOFLAM rangefinder,1,200,200,-100.0,343,0,343.0,90,True,2.0
M252 81mm,ACERM 81mm HE,3000,2,scout/bomber drone spotter,1,150,150,-100.0,275,0,275.0,90,True,2.0
M252 81mm,ACERM 81mm HE,3000,2,full gucci: player sensors/RF/EPLRS + drone,1,100,70,-100.0,111,0,111.0,90,True,1.5
M252 81mm,ACERM 81mm HE,3000,2,plain spotter,1,600,300,-100.0,649,0,649.0,90,True,2.0
M252 81mm,ACERM 81mm HE,3000,2,SOFLAM rangefinder,1,300,200,-100.0,425,0,425.0,90,True,2.0
M252 81mm,ACERM 81mm HE,3000,2,scout/bomber drone spotter,1,200,150,-100.0,336,0,336.0,90,True,2.0
M252 81mm,ACERM 81mm HE,3000,2,full gucci: player sensors/RF/EPLRS + drone,1,100,100,-100.0,140,0,140.0,90,True,1.5
M252 81mm,ACERM 81mm HE,3000,2,plain spotter,1,300,300,-100.0,541,0,541.0,90,True,2.0
M252 81mm,ACERM 81mm HE,3000,2,SOFLAM rangefinder,1,200,200,-100.0,343,0,343.0,90,True,2.0
M252 81mm,ACERM 81mm HE,3000,2,scout/bomber drone spotter,1,150,150,-100.0,275,0,275.0,90,True,2.0
M252 81mm,ACERM 81mm HE,3000,2,full gucci: player sensors/RF/EPLRS + drone,1,100,70,-100.0,111,0,111.0,90,True,1.5
M252 81mm,ACERM 81mm HE,3000,0,plain spotter,1,300,300,-100.0,594,0,594.0,90,True,2.0
M252 81mm,ACERM 81mm HE,3000,0,SOFLAM rangefinder,1,200,200,-100.0,379,0,379.0,90,True,2.0
M252 81mm,ACERM 81mm HE,3000,0,scout/bomber drone spotter,1,200,150,-100.0,317,0,317.0,90,True,2.0
M252 81mm,ACERM 81mm HE,3000,0,full gucci: player sensors/RF/EPLRS + drone,1,100,70,-100.0,106,0,106.0,90,True,1.5
M252 81mm,ACERM 81mm HE,3000,0,plain spotter,1,300,300,-100.0,489,0,489.0,90,True,2.0
M252 81mm,ACERM 81mm HE,3000,0,SOFLAM rangefinder,1,200,150,-100.0,325,0,325.0,90,True,2.0
M252 81mm,ACERM 81mm HE,3000,0,scout/bomber drone spotter,1,150,150,-100.0,275,0,275.0,90,True,2.0
M252 81mm,ACERM 81mm HE,3000,0,full gucci: player sensors/RF/EPLRS + drone,1,70,70,-100.0,98,0,98.0,90,True,1.5
M252 81mm,ACERM 81mm HE,3000,1,plain spotter,1,300,300,-100.0,586,0,586.0,90,True,2.0
M252 81mm,ACERM 81mm HE,3000,1,SOFLAM rangefinder,1,200,200,-100.0,379,0,379.0,90,True,2.0
M252 81mm,ACERM 81mm HE,3000,1,scout/bomber drone spotter,1,200,150,-100.0,317,0,317.0,90,True,2.0
M252 81mm,ACERM 81mm HE,3000,1,full gucci: player sensors/RF/EPLRS + drone,1,100,70,-100.0,106,0,106.0,90,True,1.5
M252 81mm,ACERM 81mm HE,3000,1,plain spotter,1,300,300,-100.0,482,0,482.0,90,True,2.0
M252 81mm,ACERM 81mm HE,3000,1,SOFLAM rangefinder,1,200,150,-100.0,325,0,325.0,90,True,2.0
M252 81mm,ACERM 81mm HE,3000,1,scout/bomber drone spotter,1,150,150,-100.0,275,0,275.0,90,True,2.0
M252 81mm,ACERM 81mm HE,3000,1,full gucci: player sensors/RF/EPLRS + drone,1,70,70,-100.0,98,0,98.0,90,True,1.5
M252 81mm,ACERM 81mm HE,3000,1,plain spotter,1,300,300,-100.0,568,0,568.0,90,True,2.0
M252 81mm,ACERM 81mm HE,3000,1,SOFLAM rangefinder,1,200,200,-100.0,379,0,379.0,90,True,2.0
M252 81mm,ACERM 81mm HE,3000,1,scout/bomber drone spotter,1,200,150,-100.0,317,0,317.0,90,True,2.0
M252 81mm,ACERM 81mm HE,3000,1,full gucci: player sensors/RF/EPLRS + drone,1,100,70,-100.0,106,0,106.0,90,True,1.5
M252 81mm,ACERM 81mm HE,3000,1,plain spotter,1,300,300,-100.0,477,0,477.0,90,True,2.0
M252 81mm,ACERM 81mm HE,3000,1,SOFLAM rangefinder,1,200,150,-100.0,325,0,325.0,90,True,2.0
M252 81mm,ACERM 81mm HE,3000,1,scout/bomber drone spotter,1,150,150,-100.0,275,0,275.0,90,True,2.0
M252 81mm,ACERM 81mm HE,3000,1,full gucci: player sensors/RF/EPLRS + drone,1,70,70,-100.0,98,0,98.0,90,True,1.5
M252 81mm,ACERM 81mm HE,3000,1,plain spotter,1,300,300,-100.0,568,0,568.0,90,True,2.0
M252 81mm,ACERM 81mm HE,3000,1,SOFLAM rangefinder,1,200,200,-100.0,379,0,379.0,90,True,2.0
M252 81mm,ACERM 81mm HE,3000,1,scout/bomber drone spotter,1,200,150,-100.0,317,0,317.0,90,True,2.0
M252 81mm,ACERM 81mm HE,3000,1,full gucci: player sensors/RF/EPLRS + drone,1,100,70,-100.0,106,0,106.0,90,True,1.5
M252 81mm,ACERM 81mm HE,3000,1,plain spotter,1,300,300,-100.0,477,0,477.0,90,True,2.0
M252 81mm,ACERM 81mm HE,3000,1,SOFLAM rangefinder,1,200,150,-100.0,325,0,325.0,90,True,2.0
M252 81mm,ACERM 81mm HE,3000,1,scout/bomber drone spotter,1,150,150,-100.0,275,0,275.0,90,True,2.0
M252 81mm,ACERM 81mm HE,3000,1,full gucci: player sensors/RF/EPLRS + drone,1,70,70,-100.0,98,0,98.0,90,True,1.5
M252 81mm,ACERM 81mm HE,3000,2,plain spotter,1,300,300,-100.0,576,0,576.0,90,True,2.0
M252 81mm,ACERM 81mm HE,3000,2,SOFLAM rangefinder,1,200,200,-100.0,379,0,379.0,90,True,2.0
M252 81mm,ACERM 81mm HE,3000,2,scout/bomber drone spotter,1,200,150,-100.0,317,0,317.0,90,True,2.0
M252 81mm,ACERM 81mm HE,3000,2,full gucci: player sensors/RF/EPLRS + drone,1,100,70,-100.0,106,0,106.0,90,True,1.5
M252 81mm,ACERM 81mm HE,3000,2,plain spotter,1,300,300,-100.0,477,0,477.0,90,True,2.0
M252 81mm,ACERM 81mm HE,3000,2,SOFLAM rangefinder,1,200,150,-100.0,325,0,325.0,90,True,2.0
M252 81mm,ACERM 81mm HE,3000,2,scout/bomber drone spotter,1,150,150,-100.0,275,0,275.0,90,True,2.0
M252 81mm,ACERM 81mm HE,3000,2,full gucci: player sensors/RF/EPLRS + drone,1,70,70,-100.0,98,0,98.0,90,True,1.5
M252 81mm,ACERM 81mm HE,3000,2,plain spotter,1,300,300,-100.0,568,0,568.0,90,True,2.0
M252 81mm,ACERM 81mm HE,3000,2,SOFLAM rangefinder,1,200,200,-100.0,379,0,379.0,90,True,2.0
M252 81mm,ACERM 81mm HE,3000,2,scout/bomber drone spotter,1,200,150,-100.0,317,0,317.0,90,True,2.0
M252 81mm,ACERM 81mm HE,3000,2,full gucci: player sensors/RF/EPLRS + drone,1,100,70,-100.0,106,0,106.0,90,True,1.5
M252 81mm,ACERM 81mm HE,3000,2,plain spotter,1,300,300,-100.0,477,0,477.0,90,True,2.0
M252 81mm,ACERM 81mm HE,3000,2,SOFLAM rangefinder,1,200,150,-100.0,325,0,325.0,90,True,2.0
M252 81mm,ACERM 81mm HE,3000,2,scout/bomber drone spotter,1,150,150,-100.0,275,0,275.0,90,True,2.0
M252 81mm,ACERM 81mm HE,3000,2,full gucci: player sensors/RF/EPLRS + drone,1,70,70,-100.0,98,0,98.0,90,True,1.5
M252 81mm,ACERM 81mm HE,3000,2,plain spotter,1,300,300,-100.0,568,0,568.0,90,True,2.0
M252 81mm,ACERM 81mm HE,3000,2,SOFLAM rangefinder,1,200,200,-100.0,379,0,379.0,90,True,2.0
M252 81mm,ACERM 81mm HE,3000,2,scout/bomber drone spotter,1,200,150,-100.0,317,0,317.0,90,True,2.0
M252 81mm,ACERM 81mm HE,3000,2,full gucci: player sensors/RF/EPLRS + drone,1,100,70,-100.0,106,0,106.0,90,True,1.5
M252 81mm,ACERM 81mm HE,3000,2,plain spotter,1,300,300,-100.0,477,0,477.0,90,True,2.0
M252 81mm,ACERM 81mm HE,3000,2,SOFLAM rangefinder,1,200,150,-100.0,325,0,325.0,90,True,2.0
M252 81mm,ACERM 81mm HE,3000,2,scout/bomber drone spotter,1,150,150,-100.0,275,0,275.0,90,True,2.0
M252 81mm,ACERM 81mm HE,3000,2,full gucci: player sensors/RF/EPLRS + drone,1,70,70,-100.0,98,0,98.0,90,True,1.5
M252 81mm,ACERM 81mm HE,3000,0,plain spotter,1,300,300,-100.0,568,0,568.0,90,True,2.0
M252 81mm,ACERM 81mm HE,3000,0,SOFLAM rangefinder,1,200,200,-100.0,379,0,379.0,90,True,2.0
M252 81mm,ACERM 81mm HE,3000,0,scout/bomber drone spotter,1,200,150,-100.0,317,0,317.0,90,True,2.0
M252 81mm,ACERM 81mm HE,3000,0,full gucci: player sensors/RF/EPLRS + drone,1,100,70,-100.0,106,0,106.0,90,True,1.5
M252 81mm,ACERM 81mm HE,3000,0,plain spotter,1,300,300,-100.0,477,0,477.0,90,True,2.0
M252 81mm,ACERM 81mm HE,3000,0,SOFLAM rangefinder,1,200,150,-100.0,325,0,325.0,90,True,2.0
M252 81mm,ACERM 81mm HE,3000,0,scout/bomber drone spotter,1,150,150,-100.0,275,0,275.0,90,True,2.0
M252 81mm,ACERM 81mm HE,3000,0,full gucci: player sensors/RF/EPLRS + drone,1,70,70,-100.0,98,0,98.0,90,True,1.5
M252 81mm,ACERM 81mm HE,3000,1,plain spotter,1,300,300,-100.0,568,0,568.0,90,True,2.0
M252 81mm,ACERM 81mm HE,3000,1,SOFLAM rangefinder,1,200,200,-100.0,379,0,379.0,90,True,2.0
M252 81mm,ACERM 81mm HE,3000,1,scout/bomber drone spotter,1,200,150,-100.0,317,0,317.0,90,True,2.0
M252 81mm,ACERM 81mm HE,3000,1,full gucci: player sensors/RF/EPLRS + drone,1,100,70,-100.0,106,0,106.0,90,True,1.5
M252 81mm,ACERM 81mm HE,3000,1,plain spotter,1,300,300,-100.0,477,0,477.0,90,True,2.0
M252 81mm,ACERM 81mm HE,3000,1,SOFLAM rangefinder,1,200,150,-100.0,325,0,325.0,90,True,2.0
M252 81mm,ACERM 81mm HE,3000,1,scout/bomber drone spotter,1,150,150,-100.0,275,0,275.0,90,True,2.0
M252 81mm,ACERM 81mm HE,3000,1,full gucci: player sensors/RF/EPLRS + drone,1,70,70,-100.0,98,0,98.0,90,True,1.5
M252 81mm,ACERM 81mm HE,3000,1,plain spotter,1,300,300,-100.0,568,0,568.0,90,True,2.0
M252 81mm,ACERM 81mm HE,3000,1,SOFLAM rangefinder,1,200,200,-100.0,379,0,379.0,90,True,2.0
M252 81mm,ACERM 81mm HE,3000,1,scout/bomber drone spotter,1,200,150,-100.0,317,0,317.0,90,True,2.0
M252 81mm,ACERM 81mm HE,3000,1,full gucci: player sensors/RF/EPLRS + drone,1,100,70,-100.0,106,0,106.0,90,True,1.5
M252 81mm,ACERM 81mm HE,3000,1,plain spotter,1,300,300,-100.0,477,0,477.0,90,True,2.0
M252 81mm,ACERM 81mm HE,3000,1,SOFLAM rangefinder,1,200,150,-100.0,325,0,325.0,90,True,2.0
M252 81mm,ACERM 81mm HE,3000,1,scout/bomber drone spotter,1,150,150,-100.0,275,0,275.0,90,True,2.0
M252 81mm,ACERM 81mm HE,3000,1,full gucci: player sensors/RF/EPLRS + drone,1,70,70,-100.0,98,0,98.0,90,True,1.5
M252 81mm,ACERM 81mm HE,3000,1,plain spotter,1,300,300,-100.0,568,0,568.0,90,True,2.0
M252 81mm,ACERM 81mm HE,3000,1,SOFLAM rangefinder,1,200,200,-100.0,379,0,379.0,90,True,2.0
M252 81mm,ACERM 81mm HE,3000,1,scout/bomber drone spotter,1,200,150,-100.0,317,0,317.0,90,True,2.0
M252 81mm,ACERM 81mm HE,3000,1,full gucci: player sensors/RF/EPLRS + drone,1,100,70,-100.0,106,0,106.0,90,True,1.5
M252 81mm,ACERM 81mm HE,3000,1,plain spotter,1,300,300,-100.0,477,0,477.0,90,True,2.0
M252 81mm,ACERM 81mm HE,3000,1,SOFLAM rangefinder,1,200,150,-100.0,325,0,325.0,90,True,2.0
M252 81mm,ACERM 81mm HE,3000,1,scout/bomber drone spotter,1,150,150,-100.0,275,0,275.0,90,True,2.0
M252 81mm,ACERM 81mm HE,3000,1,full gucci: player sensors/RF/EPLRS + drone,1,70,70,-100.0,98,0,98.0,90,True,1.5
M252 81mm,ACERM 81mm HE,3000,2,plain spotter,1,300,300,-100.0,568,0,568.0,90,True,2.0
M252 81mm,ACERM 81mm HE,3000,2,SOFLAM rangefinder,1,200,200,-100.0,379,0,379.0,90,True,2.0
M252 81mm,ACERM 81mm HE,3000,2,scout/bomber drone spotter,1,200,150,-100.0,317,0,317.0,90,True,2.0
M252 81mm,ACERM 81mm HE,3000,2,full gucci: player sensors/RF/EPLRS + drone,1,100,70,-100.0,106,0,106.0,90,True,1.5
M252 81mm,ACERM 81mm HE,3000,2,plain spotter,1,300,300,-100.0,477,0,477.0,90,True,2.0
M252 81mm,ACERM 81mm HE,3000,2,SOFLAM rangefinder,1,200,150,-100.0,325,0,325.0,90,True,2.0
M252 81mm,ACERM 81mm HE,3000,2,scout/bomber drone spotter,1,150,150,-100.0,275,0,275.0,90,True,2.0
M252 81mm,ACERM 81mm HE,3000,2,full gucci: player sensors/RF/EPLRS + drone,1,70,70,-100.0,98,0,98.0,90,True,1.5
M252 81mm,ACERM 81mm HE,3000,2,plain spotter,1,300,300,-100.0,568,0,568.0,90,True,2.0
M252 81mm,ACERM 81mm HE,3000,2,SOFLAM rangefinder,1,200,200,-100.0,379,0,379.0,90,True,2.0
M252 81mm,ACERM 81mm HE,3000,2,scout/bomber drone spotter,1,200,150,-100.0,317,0,317.0,90,True,2.0
M252 81mm,ACERM 81mm HE,3000,2,full gucci: player sensors/RF/EPLRS + drone,1,100,70,-100.0,106,0,106.0,90,True,1.5
M252 81mm,ACERM 81mm HE,3000,2,plain spotter,1,300,300,-100.0,477,0,477.0,90,True,2.0
M252 81mm,ACERM 81mm HE,3000,2,SOFLAM rangefinder,1,200,150,-100.0,325,0,325.0,90,True,2.0
M252 81mm,ACERM 81mm HE,3000,2,scout/bomber drone spotter,1,150,150,-100.0,275,0,275.0,90,True,2.0
M252 81mm,ACERM 81mm HE,3000,2,full gucci: player sensors/RF/EPLRS + drone,1,70,70,-100.0,98,0,98.0,90,True,1.5
M252 81mm,ACERM 81mm HE,3000,2,plain spotter,1,300,300,-100.0,568,0,568.0,90,True,2.0
M252 81mm,ACERM 81mm HE,3000,2,SOFLAM rangefinder,1,200,200,-100.0,379,0,379.0,90,True,2.0
M252 81mm,ACERM 81mm HE,3000,2,scout/bomber drone spotter,1,200,150,-100.0,317,0,317.0,90,True,2.0
M252 81mm,ACERM 81mm HE,3000,2,full gucci: player sensors/RF/EPLRS + drone,1,100,70,-100.0,106,0,106.0,90,True,1.5
M252 81mm,ACERM 81mm HE,3000,2,plain spotter,1,300,300,-100.0,477,0,477.0,90,True,2.0
M252 81mm,ACERM 81mm HE,3000,2,SOFLAM rangefinder,1,200,150,-100.0,325,0,325.0,90,True,2.0
M252 81mm,ACERM 81mm HE,3000,2,scout/bomber drone spotter,1,150,150,-100.0,275,0,275.0,90,True,2.0
M252 81mm,ACERM 81mm HE,3000,2,full gucci: player sensors/RF/EPLRS + drone,1,70,70,-100.0,98,0,98.0,90,True,1.5
M252 81mm,ACERM 81mm HE,5900,0,plain spotter,1,600,600,-100.0,1064,0,1064.0,90,True,2.0
M252 81mm,ACERM 81mm HE,5900,0,SOFLAM rangefinder,1,600,600,-100.0,751,0,751.0,90,True,2.0
M252 81mm,ACERM 81mm HE,5900,0,scout/bomber drone spotter,1,300,300,-100.0,549,0,549.0,90,True,2.0
M252 81mm,ACERM 81mm HE,5900,0,full gucci: player sensors/RF/EPLRS + drone,1,300,200,-100.0,491,0,491.0,90,True,2.0
M252 81mm,ACERM 81mm HE,5900,0,plain spotter,1,600,600,-100.0,936,0,936.0,90,True,2.0
M252 81mm,ACERM 81mm HE,5900,0,SOFLAM rangefinder,1,600,300,-100.0,646,0,646.0,90,True,2.0
M252 81mm,ACERM 81mm HE,5900,0,scout/bomber drone spotter,1,300,200,-100.0,432,0,432.0,90,True,2.0
M252 81mm,ACERM 81mm HE,5900,0,full gucci: player sensors/RF/EPLRS + drone,1,300,200,-100.0,433,0,433.0,90,True,2.0
M252 81mm,ACERM 81mm HE,5900,1,plain spotter,1,600,600,-100.0,1023,0,1023.0,90,True,2.0
M252 81mm,ACERM 81mm HE,5900,1,SOFLAM rangefinder,1,600,300,-100.0,705,0,705.0,90,True,2.0
M252 81mm,ACERM 81mm HE,5900,1,scout/bomber drone spotter,1,300,300,-100.0,496,0,496.0,90,True,2.0
M252 81mm,ACERM 81mm HE,5900,1,full gucci: player sensors/RF/EPLRS + drone,1,300,200,-100.0,445,0,445.0,90,True,2.0
M252 81mm,ACERM 81mm HE,5900,1,plain spotter,1,600,600,-100.0,893,0,893.0,90,True,2.0
M252 81mm,ACERM 81mm HE,5900,1,SOFLAM rangefinder,1,300,300,-100.0,597,0,597.0,90,True,2.0
M252 81mm,ACERM 81mm HE,5900,1,scout/bomber drone spotter,1,200,200,-100.0,373,0,373.0,90,True,2.0
M252 81mm,ACERM 81mm HE,5900,1,full gucci: player sensors/RF/EPLRS + drone,1,200,150,-100.0,384,0,384.0,90,True,2.0
M252 81mm,ACERM 81mm HE,5900,1,plain spotter,1,600,600,-100.0,1002,0,1002.0,90,True,2.0
M252 81mm,ACERM 81mm HE,5900,1,SOFLAM rangefinder,1,600,300,-100.0,687,0,687.0,90,True,2.0
M252 81mm,ACERM 81mm HE,5900,1,scout/bomber drone spotter,1,300,200,-100.0,483,0,483.0,90,True,2.0
M252 81mm,ACERM 81mm HE,5900,1,full gucci: player sensors/RF/EPLRS + drone,1,300,200,-100.0,427,0,427.0,90,True,2.0
M252 81mm,ACERM 81mm HE,5900,1,plain spotter,1,600,600,-100.0,873,0,873.0,90,True,2.0
M252 81mm,ACERM 81mm HE,5900,1,SOFLAM rangefinder,1,300,300,-100.0,581,0,581.0,90,True,2.0
M252 81mm,ACERM 81mm HE,5900,1,scout/bomber drone spotter,1,200,200,-100.0,364,0,364.0,90,True,2.0
M252 81mm,ACERM 81mm HE,5900,1,full gucci: player sensors/RF/EPLRS + drone,1,200,150,-100.0,368,0,368.0,90,True,2.0
M252 81mm,ACERM 81mm HE,5900,1,plain spotter,1,600,600,-100.0,1002,0,1002.0,90,True,2.0
M252 81mm,ACERM 81mm HE,5900,1,SOFLAM rangefinder,1,600,300,-100.0,687,0,687.0,90,True,2.0
M252 81mm,ACERM 81mm HE,5900,1,scout/bomber drone spotter,1,300,200,-100.0,483,0,483.0,90,True,2.0
M252 81mm,ACERM 81mm HE,5900,1,full gucci: player sensors/RF/EPLRS + drone,1,300,200,-100.0,427,0,427.0,90,True,2.0
M252 81mm,ACERM 81mm HE,5900,1,plain spotter,1,600,600,-100.0,873,0,873.0,90,True,2.0
M252 81mm,ACERM 81mm HE,5900,1,SOFLAM rangefinder,1,300,300,-100.0,581,0,581.0,90,True,2.0
M252 81mm,ACERM 81mm HE,5900,1,scout/bomber drone spotter,1,200,200,-100.0,364,0,364.0,90,True,2.0
M252 81mm,ACERM 81mm HE,5900,1,full gucci: player sensors/RF/EPLRS + drone,1,200,150,-100.0,368,0,368.0,90,True,2.0
M252 81mm,ACERM 81mm HE,5900,2,plain spotter,1,600,600,-100.0,993,0,993.0,90,True,2.0
M252 81mm,ACERM 81mm HE,5900,2,SOFLAM rangefinder,1,600,300,-100.0,679,0,679.0,90,True,2.0
M252 81mm,ACERM 81mm HE,5900,2,scout/bomber drone spotter,1,300,200,-100.0,478,0,478.0,90,True,2.0
M252 81mm,ACERM 81mm HE,5900,2,full gucci: player sensors/RF/EPLRS + drone,1,300,200,-100.0,419,0,419.0,90,True,2.0
M252 81mm,ACERM 81mm HE,5900,2,plain spotter,1,600,600,-100.0,864,0,864.0,90,True,2.0
M252 81mm,ACERM 81mm HE,5900,2,SOFLAM rangefinder,1,300,300,-100.0,575,0,575.0,90,True,2.0
M252 81mm,ACERM 81mm HE,5900,2,scout/bomber drone spotter,1,200,200,-100.0,362,0,362.0,90,True,2.0
M252 81mm,ACERM 81mm HE,5900,2,full gucci: player sensors/RF/EPLRS + drone,1,200,150,-100.0,362,0,362.0,90,True,2.0
M252 81mm,ACERM 81mm HE,5900,2,plain spotter,1,600,600,-100.0,953,0,953.0,90,True,2.0
M252 81mm,ACERM 81mm HE,5900,2,SOFLAM rangefinder,1,600,300,-100.0,640,0,640.0,90,True,2.0
M252 81mm,ACERM 81mm HE,5900,2,scout/bomber drone spotter,1,300,200,-100.0,440,0,440.0,90,True,2.0
M252 81mm,ACERM 81mm HE,5900,2,full gucci: player sensors/RF/EPLRS + drone,1,200,150,-100.0,380,0,380.0,90,True,2.0
M252 81mm,ACERM 81mm HE,5900,2,plain spotter,1,600,600,-100.0,824,0,824.0,90,True,2.0
M252 81mm,ACERM 81mm HE,5900,2,SOFLAM rangefinder,1,300,300,-100.0,536,0,536.0,90,True,2.0
M252 81mm,ACERM 81mm HE,5900,2,scout/bomber drone spotter,1,200,200,-100.0,362,0,362.0,90,True,2.0
M252 81mm,ACERM 81mm HE,5900,2,full gucci: player sensors/RF/EPLRS + drone,1,200,150,-100.0,323,0,323.0,90,True,2.0
M252 81mm,ACERM 81mm HE,5900,2,plain spotter,1,600,600,-100.0,953,0,953.0,90,True,2.0
M252 81mm,ACERM 81mm HE,5900,2,SOFLAM rangefinder,1,600,300,-100.0,640,0,640.0,90,True,2.0
M252 81mm,ACERM 81mm HE,5900,2,scout/bomber drone spotter,1,300,200,-100.0,440,0,440.0,90,True,2.0
M252 81mm,ACERM 81mm HE,5900,2,full gucci: player sensors/RF/EPLRS + drone,1,200,150,-100.0,380,0,380.0,90,True,2.0
M252 81mm,ACERM 81mm HE,5900,2,plain spotter,1,600,600,-100.0,824,0,824.0,90,True,2.0
M252 81mm,ACERM 81mm HE,5900,2,SOFLAM rangefinder,1,300,300,-100.0,536,0,536.0,90,True,2.0
M252 81mm,ACERM 81mm HE,5900,2,scout/bomber drone spotter,1,200,200,-100.0,362,0,362.0,90,True,2.0
M252 81mm,ACERM 81mm HE,5900,2,full gucci: player sensors/RF/EPLRS + drone,1,200,150,-100.0,323,0,323.0,90,True,2.0
M252 81mm,ACERM 81mm HE,5900,0,plain spotter,1,600,600,-100.0,838,0,838.0,90,True,2.0
M252 81mm,ACERM 81mm HE,5900,0,SOFLAM rangefinder,1,300,300,-100.0,538,0,538.0,90,True,2.0
M252 81mm,ACERM 81mm HE,5900,0,scout/bomber drone spotter,1,300,200,-100.0,404,0,404.0,90,True,2.0
M252 81mm,ACERM 81mm HE,5900,0,full gucci: player sensors/RF/EPLRS + drone,1,150,150,-100.0,278,0,278.0,90,True,2.0
M252 81mm,ACERM 81mm HE,5900,0,plain spotter,1,600,600,-100.0,713,0,713.0,90,True,2.0
M252 81mm,ACERM 81mm HE,5900,0,SOFLAM rangefinder,1,300,200,-100.0,449,0,449.0,90,True,2.0
M252 81mm,ACERM 81mm HE,5900,0,scout/bomber drone spotter,1,200,200,-100.0,362,0,362.0,90,True,2.0
M252 81mm,ACERM 81mm HE,5900,0,full gucci: player sensors/RF/EPLRS + drone,1,150,100,-100.0,236,0,236.0,90,True,2.0
M252 81mm,ACERM 81mm HE,5900,1,plain spotter,1,600,600,-100.0,820,0,820.0,90,True,2.0
M252 81mm,ACERM 81mm HE,5900,1,SOFLAM rangefinder,1,300,300,-100.0,524,0,524.0,90,True,2.0
M252 81mm,ACERM 81mm HE,5900,1,scout/bomber drone spotter,1,300,200,-100.0,404,0,404.0,90,True,2.0
M252 81mm,ACERM 81mm HE,5900,1,full gucci: player sensors/RF/EPLRS + drone,1,150,150,-100.0,264,0,264.0,90,True,2.0
M252 81mm,ACERM 81mm HE,5900,1,plain spotter,1,600,600,-100.0,696,0,696.0,90,True,2.0
M252 81mm,ACERM 81mm HE,5900,1,SOFLAM rangefinder,1,300,200,-100.0,449,0,449.0,90,True,2.0
M252 81mm,ACERM 81mm HE,5900,1,scout/bomber drone spotter,1,200,200,-100.0,362,0,362.0,90,True,2.0
M252 81mm,ACERM 81mm HE,5900,1,full gucci: player sensors/RF/EPLRS + drone,1,150,100,-100.0,236,0,236.0,90,True,2.0
M252 81mm,ACERM 81mm HE,5900,1,plain spotter,1,600,600,-100.0,769,0,769.0,90,True,2.0
M252 81mm,ACERM 81mm HE,5900,1,SOFLAM rangefinder,1,300,300,-100.0,511,0,511.0,90,True,2.0
M252 81mm,ACERM 81mm HE,5900,1,scout/bomber drone spotter,1,300,200,-100.0,404,0,404.0,90,True,2.0
M252 81mm,ACERM 81mm HE,5900,1,full gucci: player sensors/RF/EPLRS + drone,1,150,100,-100.0,251,0,251.0,90,True,2.0
M252 81mm,ACERM 81mm HE,5900,1,plain spotter,1,600,300,-100.0,648,0,648.0,90,True,2.0
M252 81mm,ACERM 81mm HE,5900,1,SOFLAM rangefinder,1,300,200,-100.0,449,0,449.0,90,True,2.0
M252 81mm,ACERM 81mm HE,5900,1,scout/bomber drone spotter,1,200,200,-100.0,362,0,362.0,90,True,2.0
M252 81mm,ACERM 81mm HE,5900,1,full gucci: player sensors/RF/EPLRS + drone,1,150,100,-100.0,236,0,236.0,90,True,2.0
M252 81mm,ACERM 81mm HE,5900,1,plain spotter,1,600,600,-100.0,755,0,755.0,90,True,2.0
M252 81mm,ACERM 81mm HE,5900,1,SOFLAM rangefinder,1,300,300,-100.0,511,0,511.0,90,True,2.0
M252 81mm,ACERM 81mm HE,5900,1,scout/bomber drone spotter,1,300,200,-100.0,404,0,404.0,90,True,2.0
M252 81mm,ACERM 81mm HE,5900,1,full gucci: player sensors/RF/EPLRS + drone,1,150,100,-100.0,251,0,251.0,90,True,2.0
M252 81mm,ACERM 81mm HE,5900,1,plain spotter,1,600,300,-100.0,647,0,647.0,90,True,2.0
M252 81mm,ACERM 81mm HE,5900,1,SOFLAM rangefinder,1,300,200,-100.0,449,0,449.0,90,True,2.0
M252 81mm,ACERM 81mm HE,5900,1,scout/bomber drone spotter,1,200,200,-100.0,362,0,362.0,90,True,2.0
M252 81mm,ACERM 81mm HE,5900,1,full gucci: player sensors/RF/EPLRS + drone,1,150,100,-100.0,236,0,236.0,90,True,2.0
M252 81mm,ACERM 81mm HE,5900,2,plain spotter,1,600,600,-100.0,801,0,801.0,90,True,2.0
M252 81mm,ACERM 81mm HE,5900,2,SOFLAM rangefinder,1,300,300,-100.0,511,0,511.0,90,True,2.0
M252 81mm,ACERM 81mm HE,5900,2,scout/bomber drone spotter,1,300,200,-100.0,404,0,404.0,90,True,2.0
M252 81mm,ACERM 81mm HE,5900,2,full gucci: player sensors/RF/EPLRS + drone,1,150,100,-100.0,251,0,251.0,90,True,2.0
M252 81mm,ACERM 81mm HE,5900,2,plain spotter,1,600,600,-100.0,678,0,678.0,90,True,2.0
M252 81mm,ACERM 81mm HE,5900,2,SOFLAM rangefinder,1,300,200,-100.0,449,0,449.0,90,True,2.0
M252 81mm,ACERM 81mm HE,5900,2,scout/bomber drone spotter,1,200,200,-100.0,362,0,362.0,90,True,2.0
M252 81mm,ACERM 81mm HE,5900,2,full gucci: player sensors/RF/EPLRS + drone,1,150,100,-100.0,236,0,236.0,90,True,2.0
M252 81mm,ACERM 81mm HE,5900,2,plain spotter,1,600,600,-100.0,755,0,755.0,90,True,2.0
M252 81mm,ACERM 81mm HE,5900,2,SOFLAM rangefinder,1,300,300,-100.0,511,0,511.0,90,True,2.0
M252 81mm,ACERM 81mm HE,5900,2,scout/bomber drone spotter,1,300,200,-100.0,404,0,404.0,90,True,2.0
M252 81mm,ACERM 81mm HE,5900,2,full gucci: player sensors/RF/EPLRS + drone,1,150,100,-100.0,251,0,251.0,90,True,2.0
M252 81mm,ACERM 81mm HE,5900,2,plain spotter,1,600,300,-100.0,647,0,647.0,90,True,2.0
M252 81mm,ACERM 81mm HE,5900,2,SOFLAM rangefinder,1,300,200,-100.0,449,0,449.0,90,True,2.0
M252 81mm,ACERM 81mm HE,5900,2,scout/bomber drone spotter,1,200,200,-100.0,362,0,362.0,90,True,2.0
M252 81mm,ACERM 81mm HE,5900,2,full gucci: player sensors/RF/EPLRS + drone,1,150,100,-100.0,236,0,236.0,90,True,2.0
M252 81mm,ACERM 81mm HE,5900,2,plain spotter,1,600,600,-100.0,755,0,755.0,90,True,2.0
M252 81mm,ACERM 81mm HE,5900,2,SOFLAM rangefinder,1,300,300,-100.0,511,0,511.0,90,True,2.0
M252 81mm,ACERM 81mm HE,5900,2,scout/bomber drone spotter,1,300,200,-100.0,404,0,404.0,90,True,2.0
M252 81mm,ACERM 81mm HE,5900,2,full gucci: player sensors/RF/EPLRS + drone,1,150,100,-100.0,251,0,251.0,90,True,2.0
M252 81mm,ACERM 81mm HE,5900,2,plain spotter,1,600,300,-100.0,647,0,647.0,90,True,2.0
M252 81mm,ACERM 81mm HE,5900,2,SOFLAM rangefinder,1,300,200,-100.0,449,0,449.0,90,True,2.0
M252 81mm,ACERM 81mm HE,5900,2,scout/bomber drone spotter,1,200,200,-100.0,362,0,362.0,90,True,2.0
M252 81mm,ACERM 81mm HE,5900,2,full gucci: player sensors/RF/EPLRS + drone,1,150,100,-100.0,236,0,236.0,90,True,2.0
M252 81mm,ACERM 81mm HE,5900,0,plain spotter,1,600,600,-100.0,755,0,755.0,90,True,2.0
M252 81mm,ACERM 81mm HE,5900,0,SOFLAM rangefinder,1,300,300,-100.0,511,0,511.0,90,True,2.0
M252 81mm,ACERM 81mm HE,5900,0,scout/bomber drone spotter,1,300,200,-100.0,404,0,404.0,90,True,2.0
M252 81mm,ACERM 81mm HE,5900,0,full gucci: player sensors/RF/EPLRS + drone,1,150,100,-100.0,251,0,251.0,90,True,2.0
M252 81mm,ACERM 81mm HE,5900,0,plain spotter,1,600,300,-100.0,647,0,647.0,90,True,2.0
M252 81mm,ACERM 81mm HE,5900,0,SOFLAM rangefinder,1,300,200,-100.0,449,0,449.0,90,True,2.0
M252 81mm,ACERM 81mm HE,5900,0,scout/bomber drone spotter,1,200,200,-100.0,362,0,362.0,90,True,2.0
M252 81mm,ACERM 81mm HE,5900,0,full gucci: player sensors/RF/EPLRS + drone,1,150,100,-100.0,236,0,236.0,90,True,2.0
M252 81mm,ACERM 81mm HE,5900,1,plain spotter,1,600,600,-100.0,755,0,755.0,90,True,2.0
M252 81mm,ACERM 81mm HE,5900,1,SOFLAM rangefinder,1,300,300,-100.0,511,0,511.0,90,True,2.0
M252 81mm,ACERM 81mm HE,5900,1,scout/bomber drone spotter,1,300,200,-100.0,404,0,404.0,90,True,2.0
M252 81mm,ACERM 81mm HE,5900,1,full gucci: player sensors/RF/EPLRS + drone,1,150,100,-100.0,251,0,251.0,90,True,2.0
M252 81mm,ACERM 81mm HE,5900,1,plain spotter,1,600,300,-100.0,647,0,647.0,90,True,2.0
M252 81mm,ACERM 81mm HE,5900,1,SOFLAM rangefinder,1,300,200,-100.0,449,0,449.0,90,True,2.0
M252 81mm,ACERM 81mm HE,5900,1,scout/bomber drone spotter,1,200,200,-100.0,362,0,362.0,90,True,2.0
M252 81mm,ACERM 81mm HE,5900,1,full gucci: player sensors/RF/EPLRS + drone,1,150,100,-100.0,236,0,236.0,90,True,2.0
M252 81mm,ACERM 81mm HE,5900,1,plain spotter,1,600,600,-100.0,755,0,755.0,90,True,2.0
M252 81mm,ACERM 81mm HE,5900,1,SOFLAM rangefinder,1,300,300,-100.0,511,0,511.0,90,True,2.0
M252 81mm,ACERM 81mm HE,5900,1,scout/bomber drone spotter,1,300,200,-100.0,404,0,404.0,90,True,2.0
M252 81mm,ACERM 81mm HE,5900,1,full gucci: player sensors/RF/EPLRS + drone,1,150,100,-100.0,251,0,251.0,90,True,2.0
M252 81mm,ACERM 81mm HE,5900,1,plain spotter,1,600,300,-100.0,647,0,647.0,90,True,2.0
M252 81mm,ACERM 81mm HE,5900,1,SOFLAM rangefinder,1,300,200,-100.0,449,0,449.0,90,True,2.0
M252 81mm,ACERM 81mm HE,5900,1,scout/bomber drone spotter,1,200,200,-100.0,362,0,362.0,90,True,2.0
M252 81mm,ACERM 81mm HE,5900,1,full gucci: player sensors/RF/EPLRS + drone,1,150,100,-100.0,236,0,236.0,90,True,2.0
M252 81mm,ACERM 81mm HE,5900,1,plain spotter,1,600,600,-100.0,755,0,755.0,90,True,2.0
M252 81mm,ACERM 81mm HE,5900,1,SOFLAM rangefinder,1,300,300,-100.0,511,0,511.0,90,True,2.0
M252 81mm,ACERM 81mm HE,5900,1,scout/bomber drone spotter,1,300,200,-100.0,404,0,404.0,90,True,2.0
M252 81mm,ACERM 81mm HE,5900,1,full gucci: player sensors/RF/EPLRS + drone,1,150,100,-100.0,251,0,251.0,90,True,2.0
M252 81mm,ACERM 81mm HE,5900,1,plain spotter,1,600,300,-100.0,647,0,647.0,90,True,2.0
M252 81mm,ACERM 81mm HE,5900,1,SOFLAM rangefinder,1,300,200,-100.0,449,0,449.0,90,True,2.0
M252 81mm,ACERM 81mm HE,5900,1,scout/bomber drone spotter,1,200,200,-100.0,362,0,362.0,90,True,2.0
M252 81mm,ACERM 81mm HE,5900,1,full gucci: player sensors/RF/EPLRS + drone,1,150,100,-100.0,236,0,236.0,90,True,2.0
M252 81mm,ACERM 81mm HE,5900,2,plain spotter,1,600,600,-100.0,755,0,755.0,90,True,2.0
M252 81mm,ACERM 81mm HE,5900,2,SOFLAM rangefinder,1,300,300,-100.0,511,0,511.0,90,True,2.0
M252 81mm,ACERM 81mm HE,5900,2,scout/bomber drone spotter,1,300,200,-100.0,404,0,404.0,90,True,2.0
M252 81mm,ACERM 81mm HE,5900,2,full gucci: player sensors/RF/EPLRS + drone,1,150,100,-100.0,251,0,251.0,90,True,2.0
M252 81mm,ACERM 81mm HE,5900,2,plain spotter,1,600,300,-100.0,647,0,647.0,90,True,2.0
M252 81mm,ACERM 81mm HE,5900,2,SOFLAM rangefinder,1,300,200,-100.0,449,0,449.0,90,True,2.0
M252 81mm,ACERM 81mm HE,5900,2,scout/bomber drone spotter,1,200,200,-100.0,362,0,362.0,90,True,2.0
M252 81mm,ACERM 81mm HE,5900,2,full gucci: player sensors/RF/EPLRS + drone,1,150,100,-100.0,236,0,236.0,90,True,2.0
M252 81mm,ACERM 81mm HE,5900,2,plain spotter,1,600,600,-100.0,755,0,755.0,90,True,2.0
M252 81mm,ACERM 81mm HE,5900,2,SOFLAM rangefinder,1,300,300,-100.0,511,0,511.0,90,True,2.0
M252 81mm,ACERM 81mm HE,5900,2,scout/bomber drone spotter,1,300,200,-100.0,404,0,404.0,90,True,2.0
M252 81mm,ACERM 81mm HE,5900,2,full gucci: player sensors/RF/EPLRS + drone,1,150,100,-100.0,251,0,251.0,90,True,2.0
M252 81mm,ACERM 81mm HE,5900,2,plain spotter,1,600,300,-100.0,647,0,647.0,90,True,2.0
M252 81mm,ACERM 81mm HE,5900,2,SOFLAM rangefinder,1,300,200,-100.0,449,0,449.0,90,True,2.0
M252 81mm,ACERM 81mm HE,5900,2,scout/bomber drone spotter,1,200,200,-100.0,362,0,362.0,90,True,2.0
M252 81mm,ACERM 81mm HE,5900,2,full gucci: player sensors/RF/EPLRS + drone,1,150,100,-100.0,236,0,236.0,90,True,2.0
M252 81mm,ACERM 81mm HE,5900,2,plain spotter,1,600,600,-100.0,755,0,755.0,90,True,2.0
M252 81mm,ACERM 81mm HE,5900,2,SOFLAM rangefinder,1,300,300,-100.0,511,0,511.0,90,True,2.0
M252 81mm,ACERM 81mm HE,5900,2,scout/bomber drone spotter,1,300,200,-100.0,404,0,404.0,90,True,2.0
M252 81mm,ACERM 81mm HE,5900,2,full gucci: player sensors/RF/EPLRS + drone,1,150,100,-100.0,251,0,251.0,90,True,2.0
M252 81mm,ACERM 81mm HE,5900,2,plain spotter,1,600,300,-100.0,647,0,647.0,90,True,2.0
M252 81mm,ACERM 81mm HE,5900,2,SOFLAM rangefinder,1,300,200,-100.0,449,0,449.0,90,True,2.0
M252 81mm,ACERM 81mm HE,5900,2,scout/bomber drone spotter,1,200,200,-100.0,362,0,362.0,90,True,2.0
M252 81mm,ACERM 81mm HE,5900,2,full gucci: player sensors/RF/EPLRS + drone,1,150,100,-100.0,236,0,236.0,90,True,2.0
M252 81mm,ACERM 81mm HE,10000,0,plain spotter,1,900,600,-100.0,1273,0,1273.0,90,True,2.0
M252 81mm,ACERM 81mm HE,10000,0,SOFLAM rangefinder,1,600,600,-100.0,939,0,939.0,90,True,2.0
M252 81mm,ACERM 81mm HE,10000,0,scout/bomber drone spotter,1,300,300,-100.0,596,0,596.0,90,True,2.0
M252 81mm,ACERM 81mm HE,10000,0,full gucci: player sensors/RF/EPLRS + drone,1,600,300,-100.0,648,0,648.0,90,True,2.0
M252 81mm,ACERM 81mm HE,10000,0,plain spotter,1,600,600,-100.0,1153,0,1153.0,90,True,2.0
M252 81mm,ACERM 81mm HE,10000,0,SOFLAM rangefinder,1,600,600,-100.0,839,0,839.0,90,True,2.0
M252 81mm,ACERM 81mm HE,10000,0,scout/bomber drone spotter,1,300,200,-100.0,468,0,468.0,90,True,2.0
M252 81mm,ACERM 81mm HE,10000,0,full gucci: player sensors/RF/EPLRS + drone,1,600,300,-100.0,600,0,600.0,90,True,2.0
M252 81mm,ACERM 81mm HE,10000,1,plain spotter,1,900,600,-100.0,1229,0,1229.0,90,True,2.0
M252 81mm,ACERM 81mm HE,10000,1,SOFLAM rangefinder,1,600,600,-100.0,891,0,891.0,90,True,2.0
M252 81mm,ACERM 81mm HE,10000,1,scout/bomber drone spotter,1,300,300,-100.0,535,0,535.0,90,True,2.0
M252 81mm,ACERM 81mm HE,10000,1,full gucci: player sensors/RF/EPLRS + drone,1,300,300,-100.0,600,0,600.0,90,True,2.0
M252 81mm,ACERM 81mm HE,10000,1,plain spotter,1,600,600,-100.0,1109,0,1109.0,90,True,2.0
M252 81mm,ACERM 81mm HE,10000,1,SOFLAM rangefinder,1,600,600,-100.0,789,0,789.0,90,True,2.0
M252 81mm,ACERM 81mm HE,10000,1,scout/bomber drone spotter,1,300,200,-100.0,401,0,401.0,90,True,2.0
M252 81mm,ACERM 81mm HE,10000,1,full gucci: player sensors/RF/EPLRS + drone,1,300,200,-100.0,550,0,550.0,90,True,2.0
M252 81mm,ACERM 81mm HE,10000,1,plain spotter,1,900,600,-100.0,1202,0,1202.0,90,True,2.0
M252 81mm,ACERM 81mm HE,10000,1,SOFLAM rangefinder,1,600,600,-100.0,867,0,867.0,90,True,2.0
M252 81mm,ACERM 81mm HE,10000,1,scout/bomber drone spotter,1,300,300,-100.0,521,0,521.0,90,True,2.0
M252 81mm,ACERM 81mm HE,10000,1,full gucci: player sensors/RF/EPLRS + drone,1,300,300,-100.0,576,0,576.0,90,True,2.0
M252 81mm,ACERM 81mm HE,10000,1,plain spotter,1,600,600,-100.0,1083,0,1083.0,90,True,2.0
M252 81mm,ACERM 81mm HE,10000,1,SOFLAM rangefinder,1,600,600,-100.0,766,0,766.0,90,True,2.0
M252 81mm,ACERM 81mm HE,10000,1,scout/bomber drone spotter,1,200,200,-100.0,391,0,391.0,90,True,2.0
M252 81mm,ACERM 81mm HE,10000,1,full gucci: player sensors/RF/EPLRS + drone,1,300,200,-100.0,528,0,528.0,90,True,2.0
M252 81mm,ACERM 81mm HE,10000,1,plain spotter,1,900,600,-100.0,1202,0,1202.0,90,True,2.0
M252 81mm,ACERM 81mm HE,10000,1,SOFLAM rangefinder,1,600,600,-100.0,867,0,867.0,90,True,2.0
M252 81mm,ACERM 81mm HE,10000,1,scout/bomber drone spotter,1,300,300,-100.0,521,0,521.0,90,True,2.0
M252 81mm,ACERM 81mm HE,10000,1,full gucci: player sensors/RF/EPLRS + drone,1,300,300,-100.0,576,0,576.0,90,True,2.0
M252 81mm,ACERM 81mm HE,10000,1,plain spotter,1,600,600,-100.0,1083,0,1083.0,90,True,2.0
M252 81mm,ACERM 81mm HE,10000,1,SOFLAM rangefinder,1,600,600,-100.0,766,0,766.0,90,True,2.0
M252 81mm,ACERM 81mm HE,10000,1,scout/bomber drone spotter,1,200,200,-100.0,391,0,391.0,90,True,2.0
M252 81mm,ACERM 81mm HE,10000,1,full gucci: player sensors/RF/EPLRS + drone,1,300,200,-100.0,528,0,528.0,90,True,2.0
M252 81mm,ACERM 81mm HE,10000,2,plain spotter,1,600,600,-100.0,1191,0,1191.0,90,True,2.0
M252 81mm,ACERM 81mm HE,10000,2,SOFLAM rangefinder,1,600,600,-100.0,857,0,857.0,90,True,2.0
M252 81mm,ACERM 81mm HE,10000,2,scout/bomber drone spotter,1,300,300,-100.0,514,0,514.0,90,True,2.0
M252 81mm,ACERM 81mm HE,10000,2,full gucci: player sensors/RF/EPLRS + drone,1,300,300,-100.0,566,0,566.0,90,True,2.0
M252 81mm,ACERM 81mm HE,10000,2,plain spotter,1,600,600,-100.0,1071,0,1071.0,90,True,2.0
M252 81mm,ACERM 81mm HE,10000,2,SOFLAM rangefinder,1,600,600,-100.0,757,0,757.0,90,True,2.0
M252 81mm,ACERM 81mm HE,10000,2,scout/bomber drone spotter,1,200,200,-100.0,387,0,387.0,90,True,2.0
M252 81mm,ACERM 81mm HE,10000,2,full gucci: player sensors/RF/EPLRS + drone,1,300,200,-100.0,519,0,519.0,90,True,2.0
M252 81mm,ACERM 81mm HE,10000,2,plain spotter,1,600,600,-100.0,1144,0,1144.0,90,True,2.0
M252 81mm,ACERM 81mm HE,10000,2,SOFLAM rangefinder,1,600,600,-100.0,811,0,811.0,90,True,2.0
M252 81mm,ACERM 81mm HE,10000,2,scout/bomber drone spotter,1,300,200,-100.0,471,0,471.0,90,True,2.0
M252 81mm,ACERM 81mm HE,10000,2,full gucci: player sensors/RF/EPLRS + drone,1,300,200,-100.0,520,0,520.0,90,True,2.0
M252 81mm,ACERM 81mm HE,10000,2,plain spotter,1,600,600,-100.0,1025,0,1025.0,90,True,2.0
M252 81mm,ACERM 81mm HE,10000,2,SOFLAM rangefinder,1,600,300,-100.0,712,0,712.0,90,True,2.0
M252 81mm,ACERM 81mm HE,10000,2,scout/bomber drone spotter,1,200,200,-100.0,387,0,387.0,90,True,2.0
M252 81mm,ACERM 81mm HE,10000,2,full gucci: player sensors/RF/EPLRS + drone,1,300,200,-100.0,473,0,473.0,90,True,2.0
M252 81mm,ACERM 81mm HE,10000,2,plain spotter,1,600,600,-100.0,1144,0,1144.0,90,True,2.0
M252 81mm,ACERM 81mm HE,10000,2,SOFLAM rangefinder,1,600,600,-100.0,811,0,811.0,90,True,2.0
M252 81mm,ACERM 81mm HE,10000,2,scout/bomber drone spotter,1,300,200,-100.0,471,0,471.0,90,True,2.0
M252 81mm,ACERM 81mm HE,10000,2,full gucci: player sensors/RF/EPLRS + drone,1,300,200,-100.0,520,0,520.0,90,True,2.0
M252 81mm,ACERM 81mm HE,10000,2,plain spotter,1,600,600,-100.0,1025,0,1025.0,90,True,2.0
M252 81mm,ACERM 81mm HE,10000,2,SOFLAM rangefinder,1,600,300,-100.0,712,0,712.0,90,True,2.0
M252 81mm,ACERM 81mm HE,10000,2,scout/bomber drone spotter,1,200,200,-100.0,387,0,387.0,90,True,2.0
M252 81mm,ACERM 81mm HE,10000,2,full gucci: player sensors/RF/EPLRS + drone,1,300,200,-100.0,473,0,473.0,90,True,2.0
M252 81mm,ACERM 81mm HE,10000,0,plain spotter,1,600,600,-100.0,1004,0,1004.0,90,True,2.0
M252 81mm,ACERM 81mm HE,10000,0,SOFLAM rangefinder,1,600,300,-100.0,682,0,682.0,90,True,2.0
M252 81mm,ACERM 81mm HE,10000,0,scout/bomber drone spotter,1,300,200,-100.0,430,0,430.0,90,True,2.0
M252 81mm,ACERM 81mm HE,10000,0,full gucci: player sensors/RF/EPLRS + drone,1,200,150,-100.0,391,0,391.0,90,True,2.0
M252 81mm,ACERM 81mm HE,10000,0,plain spotter,1,600,600,-100.0,885,0,885.0,90,True,2.0
M252 81mm,ACERM 81mm HE,10000,0,SOFLAM rangefinder,1,300,300,-100.0,588,0,588.0,90,True,2.0
M252 81mm,ACERM 81mm HE,10000,0,scout/bomber drone spotter,1,200,200,-100.0,387,0,387.0,90,True,2.0
M252 81mm,ACERM 81mm HE,10000,0,full gucci: player sensors/RF/EPLRS + drone,1,200,150,-100.0,349,0,349.0,90,True,2.0
M252 81mm,ACERM 81mm HE,10000,1,plain spotter,1,600,600,-100.0,982,0,982.0,90,True,2.0
M252 81mm,ACERM 81mm HE,10000,1,SOFLAM rangefinder,1,600,300,-100.0,663,0,663.0,90,True,2.0
M252 81mm,ACERM 81mm HE,10000,1,scout/bomber drone spotter,1,300,200,-100.0,430,0,430.0,90,True,2.0
M252 81mm,ACERM 81mm HE,10000,1,full gucci: player sensors/RF/EPLRS + drone,1,200,150,-100.0,372,0,372.0,90,True,2.0
M252 81mm,ACERM 81mm HE,10000,1,plain spotter,1,600,600,-100.0,863,0,863.0,90,True,2.0
M252 81mm,ACERM 81mm HE,10000,1,SOFLAM rangefinder,1,300,300,-100.0,570,0,570.0,90,True,2.0
M252 81mm,ACERM 81mm HE,10000,1,scout/bomber drone spotter,1,200,200,-100.0,387,0,387.0,90,True,2.0
M252 81mm,ACERM 81mm HE,10000,1,full gucci: player sensors/RF/EPLRS + drone,1,200,150,-100.0,331,0,331.0,90,True,2.0
M252 81mm,ACERM 81mm HE,10000,1,plain spotter,1,600,600,-100.0,918,0,918.0,90,True,2.0
M252 81mm,ACERM 81mm HE,10000,1,SOFLAM rangefinder,1,600,300,-100.0,606,0,606.0,90,True,2.0
M252 81mm,ACERM 81mm HE,10000,1,scout/bomber drone spotter,1,300,200,-100.0,430,0,430.0,90,True,2.0
M252 81mm,ACERM 81mm HE,10000,1,full gucci: player sensors/RF/EPLRS + drone,1,200,150,-100.0,315,0,315.0,90,True,2.0
M252 81mm,ACERM 81mm HE,10000,1,plain spotter,1,600,600,-100.0,800,0,800.0,90,True,2.0
M252 81mm,ACERM 81mm HE,10000,1,SOFLAM rangefinder,1,300,300,-100.0,527,0,527.0,90,True,2.0
M252 81mm,ACERM 81mm HE,10000,1,scout/bomber drone spotter,1,200,200,-100.0,387,0,387.0,90,True,2.0
M252 81mm,ACERM 81mm HE,10000,1,full gucci: player sensors/RF/EPLRS + drone,1,150,150,-100.0,288,0,288.0,90,True,2.0
M252 81mm,ACERM 81mm HE,10000,1,plain spotter,1,600,600,-100.0,875,0,875.0,90,True,2.0
M252 81mm,ACERM 81mm HE,10000,1,SOFLAM rangefinder,1,300,300,-100.0,599,0,599.0,90,True,2.0
M252 81mm,ACERM 81mm HE,10000,1,scout/bomber drone spotter,1,300,200,-100.0,430,0,430.0,90,True,2.0
M252 81mm,ACERM 81mm HE,10000,1,full gucci: player sensors/RF/EPLRS + drone,1,200,150,-100.0,308,0,308.0,90,True,2.0
M252 81mm,ACERM 81mm HE,10000,1,plain spotter,1,600,600,-100.0,758,0,758.0,90,True,2.0
M252 81mm,ACERM 81mm HE,10000,1,SOFLAM rangefinder,1,300,300,-100.0,527,0,527.0,90,True,2.0
M252 81mm,ACERM 81mm HE,10000,1,scout/bomber drone spotter,1,200,200,-100.0,387,0,387.0,90,True,2.0
M252 81mm,ACERM 81mm HE,10000,1,full gucci: player sensors/RF/EPLRS + drone,1,150,150,-100.0,288,0,288.0,90,True,2.0
M252 81mm,ACERM 81mm HE,10000,2,plain spotter,1,600,600,-100.0,959,0,959.0,90,True,2.0
M252 81mm,ACERM 81mm HE,10000,2,SOFLAM rangefinder,1,600,300,-100.0,641,0,641.0,90,True,2.0
M252 81mm,ACERM 81mm HE,10000,2,scout/bomber drone spotter,1,300,200,-100.0,430,0,430.0,90,True,2.0
M252 81mm,ACERM 81mm HE,10000,2,full gucci: player sensors/RF/EPLRS + drone,1,200,150,-100.0,350,0,350.0,90,True,2.0
M252 81mm,ACERM 81mm HE,10000,2,plain spotter,1,600,600,-100.0,841,0,841.0,90,True,2.0
M252 81mm,ACERM 81mm HE,10000,2,SOFLAM rangefinder,1,300,300,-100.0,548,0,548.0,90,True,2.0
M252 81mm,ACERM 81mm HE,10000,2,scout/bomber drone spotter,1,200,200,-100.0,387,0,387.0,90,True,2.0
M252 81mm,ACERM 81mm HE,10000,2,full gucci: player sensors/RF/EPLRS + drone,1,200,150,-100.0,310,0,310.0,90,True,2.0
M252 81mm,ACERM 81mm HE,10000,2,plain spotter,1,600,600,-100.0,875,0,875.0,90,True,2.0
M252 81mm,ACERM 81mm HE,10000,2,SOFLAM rangefinder,1,300,300,-100.0,599,0,599.0,90,True,2.0
M252 81mm,ACERM 81mm HE,10000,2,scout/bomber drone spotter,1,300,200,-100.0,430,0,430.0,90,True,2.0
M252 81mm,ACERM 81mm HE,10000,2,full gucci: player sensors/RF/EPLRS + drone,1,200,150,-100.0,308,0,308.0,90,True,2.0
M252 81mm,ACERM 81mm HE,10000,2,plain spotter,1,600,600,-100.0,758,0,758.0,90,True,2.0
M252 81mm,ACERM 81mm HE,10000,2,SOFLAM rangefinder,1,300,300,-100.0,527,0,527.0,90,True,2.0
M252 81mm,ACERM 81mm HE,10000,2,scout/bomber drone spotter,1,200,200,-100.0,387,0,387.0,90,True,2.0
M252 81mm,ACERM 81mm HE,10000,2,full gucci: player sensors/RF/EPLRS + drone,1,150,150,-100.0,288,0,288.0,90,True,2.0
M252 81mm,ACERM 81mm HE,10000,2,plain spotter,1,600,600,-100.0,875,0,875.0,90,True,2.0
M252 81mm,ACERM 81mm HE,10000,2,SOFLAM rangefinder,1,300,300,-100.0,599,0,599.0,90,True,2.0
M252 81mm,ACERM 81mm HE,10000,2,scout/bomber drone spotter,1,300,200,-100.0,430,0,430.0,90,True,2.0
M252 81mm,ACERM 81mm HE,10000,2,full gucci: player sensors/RF/EPLRS + drone,1,200,150,-100.0,308,0,308.0,90,True,2.0
M252 81mm,ACERM 81mm HE,10000,2,plain spotter,1,600,600,-100.0,758,0,758.0,90,True,2.0
M252 81mm,ACERM 81mm HE,10000,2,SOFLAM rangefinder,1,300,300,-100.0,527,0,527.0,90,True,2.0
M252 81mm,ACERM 81mm HE,10000,2,scout/bomber drone spotter,1,200,200,-100.0,387,0,387.0,90,True,2.0
M252 81mm,ACERM 81mm HE,10000,2,full gucci: player sensors/RF/EPLRS + drone,1,150,150,-100.0,288,0,288.0,90,True,2.0
M252 81mm,ACERM 81mm HE,10000,0,plain spotter,1,600,600,-100.0,875,0,875.0,90,True,2.0
M252 81mm,ACERM 81mm HE,10000,0,SOFLAM rangefinder,1,300,300,-100.0,599,0,599.0,90,True,2.0
M252 81mm,ACERM 81mm HE,10000,0,scout/bomber drone spotter,1,300,200,-100.0,430,0,430.0,90,True,2.0
M252 81mm,ACERM 81mm HE,10000,0,full gucci: player sensors/RF/EPLRS + drone,1,200,150,-100.0,308,0,308.0,90,True,2.0
M252 81mm,ACERM 81mm HE,10000,0,plain spotter,1,600,600,-100.0,758,0,758.0,90,True,2.0
M252 81mm,ACERM 81mm HE,10000,0,SOFLAM rangefinder,1,300,300,-100.0,527,0,527.0,90,True,2.0
M252 81mm,ACERM 81mm HE,10000,0,scout/bomber drone spotter,1,200,200,-100.0,387,0,387.0,90,True,2.0
M252 81mm,ACERM 81mm HE,10000,0,full gucci: player sensors/RF/EPLRS + drone,1,150,150,-100.0,288,0,288.0,90,True,2.0
M252 81mm,ACERM 81mm HE,10000,1,plain spotter,1,600,600,-100.0,875,0,875.0,90,True,2.0
M252 81mm,ACERM 81mm HE,10000,1,SOFLAM rangefinder,1,300,300,-100.0,599,0,599.0,90,True,2.0
M252 81mm,ACERM 81mm HE,10000,1,scout/bomber drone spotter,1,300,200,-100.0,430,0,430.0,90,True,2.0
M252 81mm,ACERM 81mm HE,10000,1,full gucci: player sensors/RF/EPLRS + drone,1,200,150,-100.0,308,0,308.0,90,True,2.0
M252 81mm,ACERM 81mm HE,10000,1,plain spotter,1,600,600,-100.0,758,0,758.0,90,True,2.0
M252 81mm,ACERM 81mm HE,10000,1,SOFLAM rangefinder,1,300,300,-100.0,527,0,527.0,90,True,2.0
M252 81mm,ACERM 81mm HE,10000,1,scout/bomber drone spotter,1,200,200,-100.0,387,0,387.0,90,True,2.0
M252 81mm,ACERM 81mm HE,10000,1,full gucci: player sensors/RF/EPLRS + drone,1,150,150,-100.0,288,0,288.0,90,True,2.0
M252 81mm,ACERM 81mm HE,10000,1,plain spotter,1,600,600,-100.0,875,0,875.0,90,True,2.0
M252 81mm,ACERM 81mm HE,10000,1,SOFLAM rangefinder,1,300,300,-100.0,599,0,599.0,90,True,2.0
M252 81mm,ACERM 81mm HE,10000,1,scout/bomber drone spotter,1,300,200,-100.0,430,0,430.0,90,True,2.0
M252 81mm,ACERM 81mm HE,10000,1,full gucci: player sensors/RF/EPLRS + drone,1,200,150,-100.0,308,0,308.0,90,True,2.0
M252 81mm,ACERM 81mm HE,10000,1,plain spotter,1,600,600,-100.0,758,0,758.0,90,True,2.0
M252 81mm,ACERM 81mm HE,10000,1,SOFLAM rangefinder,1,300,300,-100.0,527,0,527.0,90,True,2.0
M252 81mm,ACERM 81mm HE,10000,1,scout/bomber drone spotter,1,200,200,-100.0,387,0,387.0,90,True,2.0
M252 81mm,ACERM 81mm HE,10000,1,full gucci: player sensors/RF/EPLRS + drone,1,150,150,-100.0,288,0,288.0,90,True,2.0
M252 81mm,ACERM 81mm HE,10000,1,plain spotter,1,600,600,-100.0,875,0,875.0,90,True,2.0
M252 81mm,ACERM 81mm HE,10000,1,SOFLAM rangefinder,1,300,300,-100.0,599,0,599.0,90,True,2.0
M252 81mm,ACERM 81mm HE,10000,1,scout/bomber drone spotter,1,300,200,-100.0,430,0,430.0,90,True,2.0
M252 81mm,ACERM 81mm HE,10000,1,full gucci: player sensors/RF/EPLRS + drone,1,200,150,-100.0,308,0,308.0,90,True,2.0
M252 81mm,ACERM 81mm HE,10000,1,plain spotter,1,600,600,-100.0,758,0,758.0,90,True,2.0
M252 81mm,ACERM 81mm HE,10000,1,SOFLAM rangefinder,1,300,300,-100.0,527,0,527.0,90,True,2.0
M252 81mm,ACERM 81mm HE,10000,1,scout/bomber drone spotter,1,200,200,-100.0,387,0,387.0,90,True,2.0
M252 81mm,ACERM 81mm HE,10000,1,full gucci: player sensors/RF/EPLRS + drone,1,150,150,-100.0,288,0,288.0,90,True,2.0
M252 81mm,ACERM 81mm HE,10000,2,plain spotter,1,600,600,-100.0,875,0,875.0,90,True,2.0
M252 81mm,ACERM 81mm HE,10000,2,SOFLAM rangefinder,1,300,300,-100.0,599,0,599.0,90,True,2.0
M252 81mm,ACERM 81mm HE,10000,2,scout/bomber drone spotter,1,300,200,-100.0,430,0,430.0,90,True,2.0
M252 81mm,ACERM 81mm HE,10000,2,full gucci: player sensors/RF/EPLRS + drone,1,200,150,-100.0,308,0,308.0,90,True,2.0
M252 81mm,ACERM 81mm HE,10000,2,plain spotter,1,600,600,-100.0,758,0,758.0,90,True,2.0
M252 81mm,ACERM 81mm HE,10000,2,SOFLAM rangefinder,1,300,300,-100.0,527,0,527.0,90,True,2.0
M252 81mm,ACERM 81mm HE,10000,2,scout/bomber drone spotter,1,200,200,-100.0,387,0,387.0,90,True,2.0
M252 81mm,ACERM 81mm HE,10000,2,full gucci: player sensors/RF/EPLRS + drone,1,150,150,-100.0,288,0,288.0,90,True,2.0
M252 81mm,ACERM 81mm HE,10000,2,plain spotter,1,600,600,-100.0,875,0,875.0,90,True,2.0
M252 81mm,ACERM 81mm HE,10000,2,SOFLAM rangefinder,1,300,300,-100.0,599,0,599.0,90,True,2.0
M252 81mm,ACERM 81mm HE,10000,2,scout/bomber drone spotter,1,300,200,-100.0,430,0,430.0,90,True,2.0
M252 81mm,ACERM 81mm HE,10000,2,full gucci: player sensors/RF/EPLRS + drone,1,200,150,-100.0,308,0,308.0,90,True,2.0
M252 81mm,ACERM 81mm HE,10000,2,plain spotter,1,600,600,-100.0,758,0,758.0,90,True,2.0
M252 81mm,ACERM 81mm HE,10000,2,SOFLAM rangefinder,1,300,300,-100.0,527,0,527.0,90,True,2.0
M252 81mm,ACERM 81mm HE,10000,2,scout/bomber drone spotter,1,200,200,-100.0,387,0,387.0,90,True,2.0
M252 81mm,ACERM 81mm HE,10000,2,full gucci: player sensors/RF/EPLRS + drone,1,150,150,-100.0,288,0,288.0,90,True,2.0
M252 81mm,ACERM 81mm HE,10000,2,plain spotter,1,600,600,-100.0,875,0,875.0,90,True,2.0
M252 81mm,ACERM 81mm HE,10000,2,SOFLAM rangefinder,1,300,300,-100.0,599,0,599.0,90,True,2.0
M252 81mm,ACERM 81mm HE,10000,2,scout/bomber drone spotter,1,300,200,-100.0,430,0,430.0,90,True,2.0
M252 81mm,ACERM 81mm HE,10000,2,full gucci: player sensors/RF/EPLRS + drone,1,200,150,-100.0,308,0,308.0,90,True,2.0
M252 81mm,ACERM 81mm HE,10000,2,plain spotter,1,600,600,-100.0,758,0,758.0,90,True,2.0
M252 81mm,ACERM 81mm HE,10000,2,SOFLAM rangefinder,1,300,300,-100.0,527,0,527.0,90,True,2.0
M252 81mm,ACERM 81mm HE,10000,2,scout/bomber drone spotter,1,200,200,-100.0,387,0,387.0,90,True,2.0
M252 81mm,ACERM 81mm HE,10000,2,full gucci: player sensors/RF/EPLRS + drone,1,150,150,-100.0,288,0,288.0,90,True,2.0
M252 81mm,ACERM 81mm HE,20000,0,plain spotter,1,900,600,-100.0,1459,0,1459.0,90,True,2.0
M252 81mm,ACERM 81mm HE,20000,0,SOFLAM rangefinder,1,900,600,-100.0,1229,0,1229.0,90,True,2.0
M252 81mm,ACERM 81mm HE,20000,0,scout/bomber drone spotter,1,600,300,-100.0,710,0,710.0,90,True,2.0
M252 81mm,ACERM 81mm HE,20000,0,full gucci: player sensors/RF/EPLRS + drone,1,600,600,-100.0,913,0,913.0,90,True,2.0
M252 81mm,ACERM 81mm HE,20000,0,plain spotter,1,900,600,-100.0,1338,0,1338.0,90,True,2.0
M252 81mm,ACERM 81mm HE,20000,0,SOFLAM rangefinder,1,600,600,-100.0,1146,0,1146.0,90,True,2.0
M252 81mm,ACERM 81mm HE,20000,0,scout/bomber drone spotter,1,300,300,-100.0,555,0,555.0,90,True,2.0
M252 81mm,ACERM 81mm HE,20000,0,full gucci: player sensors/RF/EPLRS + drone,1,600,600,-100.0,885,0,885.0,90,True,2.0
M252 81mm,ACERM 81mm HE,20000,1,plain spotter,1,900,600,-100.0,1401,0,1401.0,90,True,2.0
M252 81mm,ACERM 81mm HE,20000,1,SOFLAM rangefinder,1,600,600,-100.0,1171,0,1171.0,90,True,2.0
M252 81mm,ACERM 81mm HE,20000,1,scout/bomber drone spotter,1,600,300,-100.0,631,0,631.0,90,True,2.0
M252 81mm,ACERM 81mm HE,20000,1,full gucci: player sensors/RF/EPLRS + drone,1,600,600,-100.0,855,0,855.0,90,True,2.0
M252 81mm,ACERM 81mm HE,20000,1,plain spotter,1,900,600,-100.0,1280,0,1280.0,90,True,2.0
M252 81mm,ACERM 81mm HE,20000,1,SOFLAM rangefinder,1,600,600,-100.0,1088,0,1088.0,90,True,2.0
M252 81mm,ACERM 81mm HE,20000,1,scout/bomber drone spotter,1,300,200,-100.0,468,0,468.0,90,True,2.0
M252 81mm,ACERM 81mm HE,20000,1,full gucci: player sensors/RF/EPLRS + drone,1,600,300,-100.0,826,0,826.0,90,True,2.0
M252 81mm,ACERM 81mm HE,20000,1,plain spotter,1,900,600,-100.0,1366,0,1366.0,90,True,2.0
M252 81mm,ACERM 81mm HE,20000,1,SOFLAM rangefinder,1,600,600,-100.0,1137,0,1137.0,90,True,2.0
M252 81mm,ACERM 81mm HE,20000,1,scout/bomber drone spotter,1,600,300,-100.0,611,0,611.0,90,True,2.0
M252 81mm,ACERM 81mm HE,20000,1,full gucci: player sensors/RF/EPLRS + drone,1,600,300,-100.0,820,0,820.0,90,True,2.0
M252 81mm,ACERM 81mm HE,20000,1,plain spotter,1,900,600,-100.0,1246,0,1246.0,90,True,2.0
M252 81mm,ACERM 81mm HE,20000,1,SOFLAM rangefinder,1,600,600,-100.0,1053,0,1053.0,90,True,2.0
M252 81mm,ACERM 81mm HE,20000,1,scout/bomber drone spotter,1,300,200,-100.0,454,0,454.0,90,True,2.0
M252 81mm,ACERM 81mm HE,20000,1,full gucci: player sensors/RF/EPLRS + drone,1,600,300,-100.0,792,0,792.0,90,True,2.0
M252 81mm,ACERM 81mm HE,20000,1,plain spotter,1,900,600,-100.0,1366,0,1366.0,90,True,2.0
M252 81mm,ACERM 81mm HE,20000,1,SOFLAM rangefinder,1,600,600,-100.0,1137,0,1137.0,90,True,2.0
M252 81mm,ACERM 81mm HE,20000,1,scout/bomber drone spotter,1,600,300,-100.0,611,0,611.0,90,True,2.0
M252 81mm,ACERM 81mm HE,20000,1,full gucci: player sensors/RF/EPLRS + drone,1,600,300,-100.0,820,0,820.0,90,True,2.0
M252 81mm,ACERM 81mm HE,20000,1,plain spotter,1,900,600,-100.0,1246,0,1246.0,90,True,2.0
M252 81mm,ACERM 81mm HE,20000,1,SOFLAM rangefinder,1,600,600,-100.0,1053,0,1053.0,90,True,2.0
M252 81mm,ACERM 81mm HE,20000,1,scout/bomber drone spotter,1,300,200,-100.0,454,0,454.0,90,True,2.0
M252 81mm,ACERM 81mm HE,20000,1,full gucci: player sensors/RF/EPLRS + drone,1,600,300,-100.0,792,0,792.0,90,True,2.0
M252 81mm,ACERM 81mm HE,20000,2,plain spotter,1,900,600,-100.0,1351,0,1351.0,90,True,2.0
M252 81mm,ACERM 81mm HE,20000,2,SOFLAM rangefinder,1,600,600,-100.0,1122,0,1122.0,90,True,2.0
M252 81mm,ACERM 81mm HE,20000,2,scout/bomber drone spotter,1,600,300,-100.0,603,0,603.0,90,True,2.0
M252 81mm,ACERM 81mm HE,20000,2,full gucci: player sensors/RF/EPLRS + drone,1,600,300,-100.0,806,0,806.0,90,True,2.0
M252 81mm,ACERM 81mm HE,20000,2,plain spotter,1,900,600,-100.0,1231,0,1231.0,90,True,2.0
M252 81mm,ACERM 81mm HE,20000,2,SOFLAM rangefinder,1,600,600,-100.0,1039,0,1039.0,90,True,2.0
M252 81mm,ACERM 81mm HE,20000,2,scout/bomber drone spotter,1,300,200,-100.0,450,0,450.0,90,True,2.0
M252 81mm,ACERM 81mm HE,20000,2,full gucci: player sensors/RF/EPLRS + drone,1,600,300,-100.0,777,0,777.0,90,True,2.0
M252 81mm,ACERM 81mm HE,20000,2,plain spotter,1,900,600,-100.0,1290,0,1290.0,90,True,2.0
M252 81mm,ACERM 81mm HE,20000,2,SOFLAM rangefinder,1,600,600,-100.0,1061,0,1061.0,90,True,2.0
M252 81mm,ACERM 81mm HE,20000,2,scout/bomber drone spotter,1,300,300,-100.0,547,0,547.0,90,True,2.0
M252 81mm,ACERM 81mm HE,20000,2,full gucci: player sensors/RF/EPLRS + drone,1,600,300,-100.0,744,0,744.0,90,True,2.0
M252 81mm,ACERM 81mm HE,20000,2,plain spotter,1,600,600,-100.0,1170,0,1170.0,90,True,2.0
M252 81mm,ACERM 81mm HE,20000,2,SOFLAM rangefinder,1,600,600,-100.0,978,0,978.0,90,True,2.0
M252 81mm,ACERM 81mm HE,20000,2,scout/bomber drone spotter,1,300,200,-100.0,450,0,450.0,90,True,2.0
M252 81mm,ACERM 81mm HE,20000,2,full gucci: player sensors/RF/EPLRS + drone,1,600,300,-100.0,716,0,716.0,90,True,2.0
M252 81mm,ACERM 81mm HE,20000,2,plain spotter,1,900,600,-100.0,1290,0,1290.0,90,True,2.0
M252 81mm,ACERM 81mm HE,20000,2,SOFLAM rangefinder,1,600,600,-100.0,1061,0,1061.0,90,True,2.0
M252 81mm,ACERM 81mm HE,20000,2,scout/bomber drone spotter,1,300,300,-100.0,547,0,547.0,90,True,2.0
M252 81mm,ACERM 81mm HE,20000,2,full gucci: player sensors/RF/EPLRS + drone,1,600,300,-100.0,744,0,744.0,90,True,2.0
M252 81mm,ACERM 81mm HE,20000,2,plain spotter,1,600,600,-100.0,1170,0,1170.0,90,True,2.0
M252 81mm,ACERM 81mm HE,20000,2,SOFLAM rangefinder,1,600,600,-100.0,978,0,978.0,90,True,2.0
M252 81mm,ACERM 81mm HE,20000,2,scout/bomber drone spotter,1,300,200,-100.0,450,0,450.0,90,True,2.0
M252 81mm,ACERM 81mm HE,20000,2,full gucci: player sensors/RF/EPLRS + drone,1,600,300,-100.0,716,0,716.0,90,True,2.0
M252 81mm,ACERM 81mm HE,20000,0,plain spotter,1,600,600,-100.0,1107,0,1107.0,90,True,2.0
M252 81mm,ACERM 81mm HE,20000,0,SOFLAM rangefinder,1,600,600,-100.0,879,0,879.0,90,True,2.0
M252 81mm,ACERM 81mm HE,20000,0,scout/bomber drone spotter,1,300,300,-100.0,493,0,493.0,90,True,2.0
M252 81mm,ACERM 81mm HE,20000,0,full gucci: player sensors/RF/EPLRS + drone,1,300,300,-100.0,562,0,562.0,90,True,2.0
M252 81mm,ACERM 81mm HE,20000,0,plain spotter,1,600,600,-100.0,987,0,987.0,90,True,2.0
M252 81mm,ACERM 81mm HE,20000,0,SOFLAM rangefinder,1,600,600,-100.0,797,0,797.0,90,True,2.0
M252 81mm,ACERM 81mm HE,20000,0,scout/bomber drone spotter,1,300,200,-100.0,450,0,450.0,90,True,2.0
M252 81mm,ACERM 81mm HE,20000,0,full gucci: player sensors/RF/EPLRS + drone,1,300,200,-100.0,535,0,535.0,90,True,2.0
M252 81mm,ACERM 81mm HE,20000,1,plain spotter,1,600,600,-100.0,1077,0,1077.0,90,True,2.0
M252 81mm,ACERM 81mm HE,20000,1,SOFLAM rangefinder,1,600,600,-100.0,849,0,849.0,90,True,2.0
M252 81mm,ACERM 81mm HE,20000,1,scout/bomber drone spotter,1,300,300,-100.0,493,0,493.0,90,True,2.0
M252 81mm,ACERM 81mm HE,20000,1,full gucci: player sensors/RF/EPLRS + drone,1,300,200,-100.0,533,0,533.0,90,True,2.0
M252 81mm,ACERM 81mm HE,20000,1,plain spotter,1,600,600,-100.0,958,0,958.0,90,True,2.0
M252 81mm,ACERM 81mm HE,20000,1,SOFLAM rangefinder,1,600,600,-100.0,767,0,767.0,90,True,2.0
M252 81mm,ACERM 81mm HE,20000,1,scout/bomber drone spotter,1,300,200,-100.0,450,0,450.0,90,True,2.0
M252 81mm,ACERM 81mm HE,20000,1,full gucci: player sensors/RF/EPLRS + drone,1,300,200,-100.0,506,0,506.0,90,True,2.0
M252 81mm,ACERM 81mm HE,20000,1,plain spotter,1,600,600,-100.0,994,0,994.0,90,True,2.0
M252 81mm,ACERM 81mm HE,20000,1,SOFLAM rangefinder,1,600,600,-100.0,767,0,767.0,90,True,2.0
M252 81mm,ACERM 81mm HE,20000,1,scout/bomber drone spotter,1,300,300,-100.0,493,0,493.0,90,True,2.0
M252 81mm,ACERM 81mm HE,20000,1,full gucci: player sensors/RF/EPLRS + drone,1,300,200,-100.0,450,0,450.0,90,True,2.0
M252 81mm,ACERM 81mm HE,20000,1,plain spotter,1,600,600,-100.0,875,0,875.0,90,True,2.0
M252 81mm,ACERM 81mm HE,20000,1,SOFLAM rangefinder,1,600,300,-100.0,685,0,685.0,90,True,2.0
M252 81mm,ACERM 81mm HE,20000,1,scout/bomber drone spotter,1,300,200,-100.0,450,0,450.0,90,True,2.0
M252 81mm,ACERM 81mm HE,20000,1,full gucci: player sensors/RF/EPLRS + drone,1,300,200,-100.0,424,0,424.0,90,True,2.0
M252 81mm,ACERM 81mm HE,20000,1,plain spotter,1,600,600,-100.0,938,0,938.0,90,True,2.0
M252 81mm,ACERM 81mm HE,20000,1,SOFLAM rangefinder,1,600,600,-100.0,714,0,714.0,90,True,2.0
M252 81mm,ACERM 81mm HE,20000,1,scout/bomber drone spotter,1,300,300,-100.0,493,0,493.0,90,True,2.0
M252 81mm,ACERM 81mm HE,20000,1,full gucci: player sensors/RF/EPLRS + drone,1,200,200,-100.0,398,0,398.0,90,True,2.0
M252 81mm,ACERM 81mm HE,20000,1,plain spotter,1,600,600,-100.0,821,0,821.0,90,True,2.0
M252 81mm,ACERM 81mm HE,20000,1,SOFLAM rangefinder,1,600,300,-100.0,636,0,636.0,90,True,2.0
M252 81mm,ACERM 81mm HE,20000,1,scout/bomber drone spotter,1,300,200,-100.0,450,0,450.0,90,True,2.0
M252 81mm,ACERM 81mm HE,20000,1,full gucci: player sensors/RF/EPLRS + drone,1,200,150,-100.0,375,0,375.0,90,True,2.0
M252 81mm,ACERM 81mm HE,20000,2,plain spotter,1,600,600,-100.0,1048,0,1048.0,90,True,2.0
M252 81mm,ACERM 81mm HE,20000,2,SOFLAM rangefinder,1,600,600,-100.0,820,0,820.0,90,True,2.0
M252 81mm,ACERM 81mm HE,20000,2,scout/bomber drone spotter,1,300,300,-100.0,493,0,493.0,90,True,2.0
M252 81mm,ACERM 81mm HE,20000,2,full gucci: player sensors/RF/EPLRS + drone,1,300,200,-100.0,504,0,504.0,90,True,2.0
M252 81mm,ACERM 81mm HE,20000,2,plain spotter,1,600,600,-100.0,929,0,929.0,90,True,2.0
M252 81mm,ACERM 81mm HE,20000,2,SOFLAM rangefinder,1,600,600,-100.0,738,0,738.0,90,True,2.0
M252 81mm,ACERM 81mm HE,20000,2,scout/bomber drone spotter,1,300,200,-100.0,450,0,450.0,90,True,2.0
M252 81mm,ACERM 81mm HE,20000,2,full gucci: player sensors/RF/EPLRS + drone,1,300,200,-100.0,477,0,477.0,90,True,2.0
M252 81mm,ACERM 81mm HE,20000,2,plain spotter,1,600,600,-100.0,938,0,938.0,90,True,2.0
M252 81mm,ACERM 81mm HE,20000,2,SOFLAM rangefinder,1,600,600,-100.0,714,0,714.0,90,True,2.0
M252 81mm,ACERM 81mm HE,20000,2,scout/bomber drone spotter,1,300,300,-100.0,493,0,493.0,90,True,2.0
M252 81mm,ACERM 81mm HE,20000,2,full gucci: player sensors/RF/EPLRS + drone,1,200,200,-100.0,398,0,398.0,90,True,2.0
M252 81mm,ACERM 81mm HE,20000,2,plain spotter,1,600,600,-100.0,821,0,821.0,90,True,2.0
M252 81mm,ACERM 81mm HE,20000,2,SOFLAM rangefinder,1,600,300,-100.0,636,0,636.0,90,True,2.0
M252 81mm,ACERM 81mm HE,20000,2,scout/bomber drone spotter,1,300,200,-100.0,450,0,450.0,90,True,2.0
M252 81mm,ACERM 81mm HE,20000,2,full gucci: player sensors/RF/EPLRS + drone,1,200,150,-100.0,375,0,375.0,90,True,2.0
M252 81mm,ACERM 81mm HE,20000,2,plain spotter,1,600,600,-100.0,938,0,938.0,90,True,2.0
M252 81mm,ACERM 81mm HE,20000,2,SOFLAM rangefinder,1,600,600,-100.0,714,0,714.0,90,True,2.0
M252 81mm,ACERM 81mm HE,20000,2,scout/bomber drone spotter,1,300,300,-100.0,493,0,493.0,90,True,2.0
M252 81mm,ACERM 81mm HE,20000,2,full gucci: player sensors/RF/EPLRS + drone,1,200,200,-100.0,398,0,398.0,90,True,2.0
M252 81mm,ACERM 81mm HE,20000,2,plain spotter,1,600,600,-100.0,821,0,821.0,90,True,2.0
M252 81mm,ACERM 81mm HE,20000,2,SOFLAM rangefinder,1,600,300,-100.0,636,0,636.0,90,True,2.0
M252 81mm,ACERM 81mm HE,20000,2,scout/bomber drone spotter,1,300,200,-100.0,450,0,450.0,90,True,2.0
M252 81mm,ACERM 81mm HE,20000,2,full gucci: player sensors/RF/EPLRS + drone,1,200,150,-100.0,375,0,375.0,90,True,2.0
M252 81mm,ACERM 81mm HE,20000,0,plain spotter,1,600,600,-100.0,938,0,938.0,90,True,2.0
M252 81mm,ACERM 81mm HE,20000,0,SOFLAM rangefinder,1,600,600,-100.0,714,0,714.0,90,True,2.0
M252 81mm,ACERM 81mm HE,20000,0,scout/bomber drone spotter,1,300,300,-100.0,493,0,493.0,90,True,2.0
M252 81mm,ACERM 81mm HE,20000,0,full gucci: player sensors/RF/EPLRS + drone,1,200,200,-100.0,398,0,398.0,90,True,2.0
M252 81mm,ACERM 81mm HE,20000,0,plain spotter,1,600,600,-100.0,821,0,821.0,90,True,2.0
M252 81mm,ACERM 81mm HE,20000,0,SOFLAM rangefinder,1,600,300,-100.0,636,0,636.0,90,True,2.0
M252 81mm,ACERM 81mm HE,20000,0,scout/bomber drone spotter,1,300,200,-100.0,450,0,450.0,90,True,2.0
M252 81mm,ACERM 81mm HE,20000,0,full gucci: player sensors/RF/EPLRS + drone,1,200,150,-100.0,375,0,375.0,90,True,2.0
M252 81mm,ACERM 81mm HE,20000,1,plain spotter,1,600,600,-100.0,938,0,938.0,90,True,2.0
M252 81mm,ACERM 81mm HE,20000,1,SOFLAM rangefinder,1,600,600,-100.0,714,0,714.0,90,True,2.0
M252 81mm,ACERM 81mm HE,20000,1,scout/bomber drone spotter,1,300,300,-100.0,493,0,493.0,90,True,2.0
M252 81mm,ACERM 81mm HE,20000,1,full gucci: player sensors/RF/EPLRS + drone,1,200,200,-100.0,398,0,398.0,90,True,2.0
M252 81mm,ACERM 81mm HE,20000,1,plain spotter,1,600,600,-100.0,821,0,821.0,90,True,2.0
M252 81mm,ACERM 81mm HE,20000,1,SOFLAM rangefinder,1,600,300,-100.0,636,0,636.0,90,True,2.0
M252 81mm,ACERM 81mm HE,20000,1,scout/bomber drone spotter,1,300,200,-100.0,450,0,450.0,90,True,2.0
M252 81mm,ACERM 81mm HE,20000,1,full gucci: player sensors/RF/EPLRS + drone,1,200,150,-100.0,375,0,375.0,90,True,2.0
M252 81mm,ACERM 81mm HE,20000,1,plain spotter,1,600,600,-100.0,938,0,938.0,90,True,2.0
M252 81mm,ACERM 81mm HE,20000,1,SOFLAM rangefinder,1,600,600,-100.0,714,0,714.0,90,True,2.0
M252 81mm,ACERM 81mm HE,20000,1,scout/bomber drone spotter,1,300,300,-100.0,493,0,493.0,90,True,2.0
M252 81mm,ACERM 81mm HE,20000,1,full gucci: player sensors/RF/EPLRS + drone,1,200,200,-100.0,398,0,398.0,90,True,2.0
M252 81mm,ACERM 81mm HE,20000,1,plain spotter,1,600,600,-100.0,821,0,821.0,90,True,2.0
M252 81mm,ACERM 81mm HE,20000,1,SOFLAM rangefinder,1,600,300,-100.0,636,0,636.0,90,True,2.0
M252 81mm,ACERM 81mm HE,20000,1,scout/bomber drone spotter,1,300,200,-100.0,450,0,450.0,90,True,2.0
M252 81mm,ACERM 81mm HE,20000,1,full gucci: player sensors/RF/EPLRS + drone,1,200,150,-100.0,375,0,375.0,90,True,2.0
M252 81mm,ACERM 81mm HE,20000,1,plain spotter,1,600,600,-100.0,938,0,938.0,90,True,2.0
M252 81mm,ACERM 81mm HE,20000,1,SOFLAM rangefinder,1,600,600,-100.0,714,0,714.0,90,True,2.0
M252 81mm,ACERM 81mm HE,20000,1,scout/bomber drone spotter,1,300,300,-100.0,493,0,493.0,90,True,2.0
M252 81mm,ACERM 81mm HE,20000,1,full gucci: player sensors/RF/EPLRS + drone,1,200,200,-100.0,398,0,398.0,90,True,2.0
M252 81mm,ACERM 81mm HE,20000,1,plain spotter,1,600,600,-100.0,821,0,821.0,90,True,2.0
M252 81mm,ACERM 81mm HE,20000,1,SOFLAM rangefinder,1,600,300,-100.0,636,0,636.0,90,True,2.0
M252 81mm,ACERM 81mm HE,20000,1,scout/bomber drone spotter,1,300,200,-100.0,450,0,450.0,90,True,2.0
M252 81mm,ACERM 81mm HE,20000,1,full gucci: player sensors/RF/EPLRS + drone,1,200,150,-100.0,375,0,375.0,90,True,2.0
M252 81mm,ACERM 81mm HE,20000,2,plain spotter,1,600,600,-100.0,938,0,938.0,90,True,2.0
M252 81mm,ACERM 81mm HE,20000,2,SOFLAM rangefinder,1,600,600,-100.0,714,0,714.0,90,True,2.0
M252 81mm,ACERM 81mm HE,20000,2,scout/bomber drone spotter,1,300,300,-100.0,493,0,493.0,90,True,2.0
M252 81mm,ACERM 81mm HE,20000,2,full gucci: player sensors/RF/EPLRS + drone,1,200,200,-100.0,398,0,398.0,90,True,2.0
M252 81mm,ACERM 81mm HE,20000,2,plain spotter,1,600,600,-100.0,821,0,821.0,90,True,2.0
M252 81mm,ACERM 81mm HE,20000,2,SOFLAM rangefinder,1,600,300,-100.0,636,0,636.0,90,True,2.0
M252 81mm,ACERM 81mm HE,20000,2,scout/bomber drone spotter,1,300,200,-100.0,450,0,450.0,90,True,2.0
M252 81mm,ACERM 81mm HE,20000,2,full gucci: player sensors/RF/EPLRS + drone,1,200,150,-100.0,375,0,375.0,90,True,2.0
M252 81mm,ACERM 81mm HE,20000,2,plain spotter,1,600,600,-100.0,938,0,938.0,90,True,2.0
M252 81mm,ACERM 81mm HE,20000,2,SOFLAM rangefinder,1,600,600,-100.0,714,0,714.0,90,True,2.0
M252 81mm,ACERM 81mm HE,20000,2,scout/bomber drone spotter,1,300,300,-100.0,493,0,493.0,90,True,2.0
M252 81mm,ACERM 81mm HE,20000,2,full gucci: player sensors/RF/EPLRS + drone,1,200,200,-100.0,398,0,398.0,90,True,2.0
M252 81mm,ACERM 81mm HE,20000,2,plain spotter,1,600,600,-100.0,821,0,821.0,90,True,2.0
M252 81mm,ACERM 81mm HE,20000,2,SOFLAM rangefinder,1,600,300,-100.0,636,0,636.0,90,True,2.0
M252 81mm,ACERM 81mm HE,20000,2,scout/bomber drone spotter,1,300,200,-100.0,450,0,450.0,90,True,2.0
M252 81mm,ACERM 81mm HE,20000,2,full gucci: player sensors/RF/EPLRS + drone,1,200,150,-100.0,375,0,375.0,90,True,2.0
M252 81mm,ACERM 81mm HE,20000,2,plain spotter,1,600,600,-100.0,938,0,938.0,90,True,2.0
M252 81mm,ACERM 81mm HE,20000,2,SOFLAM rangefinder,1,600,600,-100.0,714,0,714.0,90,True,2.0
M252 81mm,ACERM 81mm HE,20000,2,scout/bomber drone spotter,1,300,300,-100.0,493,0,493.0,90,True,2.0
M252 81mm,ACERM 81mm HE,20000,2,full gucci: player sensors/RF/EPLRS + drone,1,200,200,-100.0,398,0,398.0,90,True,2.0
M252 81mm,ACERM 81mm HE,20000,2,plain spotter,1,600,600,-100.0,821,0,821.0,90,True,2.0
M252 81mm,ACERM 81mm HE,20000,2,SOFLAM rangefinder,1,600,300,-100.0,636,0,636.0,90,True,2.0
M252 81mm,ACERM 81mm HE,20000,2,scout/bomber drone spotter,1,300,200,-100.0,450,0,450.0,90,True,2.0
M252 81mm,ACERM 81mm HE,20000,2,full gucci: player sensors/RF/EPLRS + drone,1,200,150,-100.0,375,0,375.0,90,True,2.0
